LOCATION,SUBJECT,TIME,VALUE
ARG,TRY_MEN,2017,17.488495
ARG,TRY_WOMEN,2017,24.951094
ARG,UPPSRY_MEN,2017,40.205902
ARG,UPPSRY_WOMEN,2017,39.937328
ARG,BUPPSRY,2017,38.528393
ARG,TRY,2017,21.406715
ARG,UPPSRY,2017,40.064892
AUS,BUPPSRY,2008,30.064018
AUS,TRY,2008,36.149986
AUS,UPPSRY,2008,33.785992
AUS,TRY_MEN,2008,33.012062
AUS,TRY_WOMEN,2008,39.232346
AUS,UPPSRY_MEN,2008,40.196865
AUS,UPPSRY_WOMEN,2008,27.488646
AUS,BUPPSRY,2009,28.972523
AUS,TRY,2009,36.881355
AUS,UPPSRY,2009,34.146122
AUS,TRY_MEN,2009,33.912621
AUS,TRY_WOMEN,2009,39.784927
AUS,UPPSRY_MEN,2009,39.860394
AUS,UPPSRY_WOMEN,2009,28.55728
AUS,BUPPSRY,2010,26.792744
AUS,TRY,2010,37.604309
AUS,UPPSRY,2010,35.602947
AUS,TRY_MEN,2010,34.390091
AUS,TRY_WOMEN,2010,40.772198
AUS,UPPSRY_MEN,2010,41.213478
AUS,UPPSRY_WOMEN,2010,30.073294
AUS,BUPPSRY,2011,25.922543
AUS,TRY,2011,38.342072
AUS,UPPSRY,2011,35.735386
AUS,TRY_MEN,2011,34.573837
AUS,TRY_WOMEN,2011,42.043972
AUS,UPPSRY_MEN,2011,40.957253
AUS,UPPSRY_WOMEN,2011,30.60544
AUS,BUPPSRY,2012,23.563389
AUS,TRY,2012,41.282364
AUS,UPPSRY,2012,35.154247
AUS,TRY_MEN,2012,37.532192
AUS,TRY_WOMEN,2012,44.97641
AUS,UPPSRY_MEN,2012,40.394192
AUS,UPPSRY_WOMEN,2012,29.992727
AUS,BUPPSRY,2013,24.28443
AUS,TRY,2013,39.539928
AUS,UPPSRY,2013,36.17564
AUS,TRY_MEN,2013,35.101803
AUS,TRY_WOMEN,2013,43.913063
AUS,UPPSRY_MEN,2013,41.56715
AUS,UPPSRY_WOMEN,2013,30.863087
AUS,BUPPSRY,2014,22.895836
AUS,TRY,2014,41.901855
AUS,UPPSRY,2014,35.202309
AUS,TRY_MEN,2014,38.390442
AUS,TRY_WOMEN,2014,45.340527
AUS,UPPSRY_MEN,2014,40.178089
AUS,UPPSRY_WOMEN,2014,30.329605
AUS,BUPPSRY,2015,20.980896
AUS,TRY,2015,42.888756
AUS,UPPSRY,2015,36.130348
AUS,TRY_MEN,2015,38.441013
AUS,TRY_WOMEN,2015,47.239651
AUS,UPPSRY_MEN,2015,41.919979
AUS,UPPSRY_WOMEN,2015,30.466787
AUS,BUPPSRY,2016,20.067352
AUS,TRY,2016,43.7439
AUS,UPPSRY,2016,36.188747
AUS,TRY_MEN,2016,39.76762
AUS,TRY_WOMEN,2016,47.630001
AUS,UPPSRY_MEN,2016,40.824184
AUS,UPPSRY_WOMEN,2016,31.658438
AUS,BUPPSRY,2017,19.012659
AUS,TRY,2017,45.355675
AUS,UPPSRY,2017,35.631668
AUS,TRY_MEN,2017,40.425915
AUS,TRY_WOMEN,2017,50.127247
AUS,UPPSRY_MEN,2017,41.172245
AUS,UPPSRY_WOMEN,2017,30.268877
AUT,BUPPSRY,2008,19.120087
AUT,TRY,2008,26.191858
AUT,UPPSRY,2008,54.688057
AUT,TRY_MEN,2008,28.911415
AUT,TRY_WOMEN,2008,23.499393
AUT,UPPSRY_MEN,2008,57.617115
AUT,UPPSRY_WOMEN,2008,51.788177
AUT,BUPPSRY,2009,18.354979
AUT,TRY,2009,26.895824
AUT,UPPSRY,2009,54.749195
AUT,TRY_MEN,2009,29.133034
AUT,TRY_WOMEN,2009,24.682976
AUT,UPPSRY_MEN,2009,58.11142
AUT,UPPSRY_WOMEN,2009,51.423588
AUT,BUPPSRY,2010,17.647495
AUT,TRY,2010,27.743721
AUT,UPPSRY,2010,54.608784
AUT,TRY_MEN,2010,29.628262
AUT,TRY_WOMEN,2010,25.881966
AUT,UPPSRY_MEN,2010,57.820152
AUT,UPPSRY_WOMEN,2010,51.436245
AUT,BUPPSRY,2011,17.636829
AUT,TRY,2011,27.956152
AUT,UPPSRY,2011,54.407017
AUT,TRY_MEN,2011,29.97986
AUT,TRY_WOMEN,2011,25.959198
AUT,UPPSRY_MEN,2011,57.245796
AUT,UPPSRY_WOMEN,2011,51.605766
AUT,BUPPSRY,2012,17.08353
AUT,TRY,2012,28.739943
AUT,UPPSRY,2012,54.176529
AUT,TRY_MEN,2012,30.735928
AUT,TRY_WOMEN,2012,26.770844
AUT,UPPSRY_MEN,2012,56.999569
AUT,UPPSRY_WOMEN,2012,51.391518
AUT,BUPPSRY,2013,17.028002
AUT,TRY,2013,29.738844
AUT,UPPSRY,2013,53.233154
AUT,TRY_MEN,2013,31.345707
AUT,TRY_WOMEN,2013,28.151951
AUT,UPPSRY_MEN,2013,56.057396
AUT,UPPSRY_WOMEN,2013,50.444016
AUT,BUPPSRY,2014,16.143999
AUT,TRY,2014,29.904896
AUT,UPPSRY,2014,53.951103
AUT,TRY_MEN,2014,31.201277
AUT,TRY_WOMEN,2014,28.621651
AUT,UPPSRY_MEN,2014,56.800148
AUT,UPPSRY_WOMEN,2014,51.130924
AUT,BUPPSRY,2015,15.351305
AUT,TRY,2015,30.550726
AUT,UPPSRY,2015,54.097969
AUT,TRY_MEN,2015,31.968834
AUT,TRY_WOMEN,2015,29.142385
AUT,UPPSRY_MEN,2015,56.698669
AUT,UPPSRY_WOMEN,2015,51.515179
AUT,BUPPSRY,2016,15.471591
AUT,TRY,2016,31.383963
AUT,UPPSRY,2016,53.144444
AUT,TRY_MEN,2016,32.170181
AUT,TRY_WOMEN,2016,30.600239
AUT,UPPSRY_MEN,2016,56.066723
AUT,UPPSRY_WOMEN,2016,50.231434
AUT,BUPPSRY,2017,15.037577
AUT,TRY,2017,32.39439
AUT,UPPSRY,2017,52.568035
AUT,TRY_MEN,2017,32.91766
AUT,TRY_WOMEN,2017,31.872847
AUT,UPPSRY_MEN,2017,55.365974
AUT,UPPSRY_WOMEN,2017,49.77932
BEL,BUPPSRY,2008,30.423817
BEL,TRY,2008,32.310043
BEL,UPPSRY,2008,37.26614
BEL,TRY_MEN,2008,30.659477
BEL,TRY_WOMEN,2008,33.974564
BEL,UPPSRY_MEN,2008,38.871017
BEL,UPPSRY_WOMEN,2008,35.647694
BEL,BUPPSRY,2009,29.427107
BEL,TRY,2009,33.397053
BEL,UPPSRY,2009,37.175842
BEL,TRY_MEN,2009,31.480886
BEL,TRY_WOMEN,2009,35.328266
BEL,UPPSRY_MEN,2009,38.936413
BEL,UPPSRY_WOMEN,2009,35.401447
BEL,BUPPSRY,2010,29.500488
BEL,TRY,2010,34.989502
BEL,UPPSRY,2010,35.51001
BEL,TRY_MEN,2010,33.003326
BEL,TRY_WOMEN,2010,36.989594
BEL,UPPSRY_MEN,2010,36.970116
BEL,UPPSRY_WOMEN,2010,34.039673
BEL,BUPPSRY,2011,28.733294
BEL,TRY,2011,34.612984
BEL,UPPSRY,2011,36.653725
BEL,TRY_MEN,2011,32.419769
BEL,TRY_WOMEN,2011,36.821182
BEL,UPPSRY_MEN,2011,38.225685
BEL,UPPSRY_WOMEN,2011,35.071022
BEL,BUPPSRY,2012,28.356371
BEL,TRY,2012,35.316551
BEL,UPPSRY,2012,36.32708
BEL,TRY_MEN,2012,32.722958
BEL,TRY_WOMEN,2012,37.926952
BEL,UPPSRY_MEN,2012,38.017979
BEL,UPPSRY_WOMEN,2012,34.625221
BEL,BUPPSRY,2013,27.241648
BEL,TRY,2013,35.535332
BEL,UPPSRY,2013,37.223022
BEL,TRY_MEN,2013,32.801338
BEL,TRY_WOMEN,2013,38.285236
BEL,UPPSRY_MEN,2013,38.914539
BEL,UPPSRY_WOMEN,2013,35.52166
BEL,BUPPSRY,2014,26.44935
BEL,TRY,2014,36.855022
BEL,UPPSRY,2014,36.695625
BEL,TRY_MEN,2014,33.864967
BEL,TRY_WOMEN,2014,39.860054
BEL,UPPSRY_MEN,2014,38.559349
BEL,UPPSRY_WOMEN,2014,34.822571
BEL,BUPPSRY,2015,25.322903
BEL,TRY,2015,36.857422
BEL,UPPSRY,2015,37.819675
BEL,TRY_MEN,2015,33.639149
BEL,TRY_WOMEN,2015,40.091373
BEL,UPPSRY_MEN,2015,39.955494
BEL,UPPSRY_WOMEN,2015,35.67345
BEL,BUPPSRY,2016,24.905834
BEL,TRY,2016,37.503956
BEL,UPPSRY,2016,37.59021
BEL,TRY_MEN,2016,34.192955
BEL,TRY_WOMEN,2016,40.828674
BEL,UPPSRY_MEN,2016,40.122162
BEL,UPPSRY_WOMEN,2016,35.047768
BEL,BUPPSRY,2017,23.202787
BEL,TRY,2017,40.257053
BEL,UPPSRY,2017,36.540157
BEL,TRY_MEN,2017,36.858852
BEL,TRY_WOMEN,2017,43.657627
BEL,UPPSRY_MEN,2017,39.073261
BEL,UPPSRY_WOMEN,2017,34.005287
BRA,BUPPSRY,2008,61.161831
BRA,TRY,2008,10.795494
BRA,UPPSRY,2008,28.042675
BRA,TRY_MEN,2008,9.4541426
BRA,TRY_WOMEN,2008,12.012922
BRA,UPPSRY_MEN,2008,27.154696
BRA,UPPSRY_WOMEN,2008,28.848614
BRA,BUPPSRY,2009,59.32708
BRA,TRY,2009,10.863071
BRA,UPPSRY,2009,29.809849
BRA,TRY_MEN,2009,9.7053852
BRA,TRY_WOMEN,2009,11.914505
BRA,UPPSRY_MEN,2009,28.805014
BRA,UPPSRY_WOMEN,2009,30.72246
BRA,BUPPSRY,2011,56.729549
BRA,TRY,2011,11.614742
BRA,UPPSRY,2011,31.655708
BRA,TRY_MEN,2011,10.218488
BRA,TRY_WOMEN,2011,12.884999
BRA,UPPSRY_MEN,2011,30.386244
BRA,UPPSRY_WOMEN,2011,32.810619
BRA,BUPPSRY,2012,54.996342
BRA,TRY,2012,12.993286
BRA,UPPSRY,2012,32.010372
BRA,TRY_MEN,2012,11.10502
BRA,TRY_WOMEN,2012,14.725452
BRA,UPPSRY_MEN,2012,31.220385
BRA,UPPSRY_WOMEN,2012,32.735054
BRA,BUPPSRY,2013,53.588863
BRA,TRY,2013,13.746482
BRA,UPPSRY,2013,32.664654
BRA,TRY_MEN,2013,11.730762
BRA,TRY_WOMEN,2013,15.589705
BRA,UPPSRY_MEN,2013,31.578886
BRA,UPPSRY_WOMEN,2013,33.657509
BRA,BUPPSRY,2014,52.637005
BRA,TRY,2014,14.321353
BRA,UPPSRY,2014,33.041641
BRA,TRY_MEN,2014,12.018951
BRA,TRY_WOMEN,2014,16.425022
BRA,UPPSRY_MEN,2014,32.136848
BRA,UPPSRY_WOMEN,2014,33.868336
BRA,BUPPSRY,2015,51.127499
BRA,TRY,2015,14.794608
BRA,UPPSRY,2015,34.077896
BRA,TRY_MEN,2015,12.590186
BRA,TRY_WOMEN,2015,16.803698
BRA,UPPSRY_MEN,2015,33.163525
BRA,UPPSRY_WOMEN,2015,34.91124
CAN,BUPPSRY,2008,13.003522
CAN,TRY,2008,48.706802
CAN,UPPSRY,2008,38.289677
CAN,TRY_MEN,2008,44.45549
CAN,TRY_WOMEN,2008,52.928272
CAN,UPPSRY_MEN,2008,41.263531
CAN,UPPSRY_WOMEN,2008,35.336697
CAN,BUPPSRY,2009,12.468069
CAN,TRY,2009,49.290722
CAN,UPPSRY,2009,38.241207
CAN,TRY_MEN,2009,44.847889
CAN,TRY_WOMEN,2009,53.706112
CAN,UPPSRY_MEN,2009,41.46767
CAN,UPPSRY_WOMEN,2009,35.034676
CAN,BUPPSRY,2010,11.736887
CAN,TRY,2010,50.311695
CAN,UPPSRY,2010,37.95142
CAN,TRY_MEN,2010,45.417297
CAN,TRY_WOMEN,2010,55.174629
CAN,UPPSRY_MEN,2010,41.546257
CAN,UPPSRY_WOMEN,2010,34.379688
CAN,BUPPSRY,2011,11.368477
CAN,TRY,2011,51.033012
CAN,UPPSRY,2011,37.598511
CAN,TRY_MEN,2011,45.958946
CAN,TRY_WOMEN,2011,56.068321
CAN,UPPSRY_MEN,2011,41.415436
CAN,UPPSRY_WOMEN,2011,33.810738
CAN,BUPPSRY,2012,11.035321
CAN,TRY,2012,52.305416
CAN,UPPSRY,2012,36.659264
CAN,TRY_MEN,2012,46.772137
CAN,TRY_WOMEN,2012,57.794395
CAN,UPPSRY_MEN,2012,40.879166
CAN,UPPSRY_WOMEN,2012,32.473141
CAN,BUPPSRY,2013,10.45779
CAN,TRY,2013,52.971439
CAN,UPPSRY,2013,36.57077
CAN,TRY_MEN,2013,47.163643
CAN,TRY_WOMEN,2013,58.730656
CAN,UPPSRY_MEN,2013,40.995361
CAN,UPPSRY_WOMEN,2013,32.183186
CAN,BUPPSRY,2014,10.011459
CAN,TRY,2014,53.61496
CAN,UPPSRY,2014,36.373581
CAN,TRY_MEN,2014,48.053173
CAN,TRY_WOMEN,2014,59.124844
CAN,UPPSRY_MEN,2014,40.611263
CAN,UPPSRY_WOMEN,2014,32.175446
CAN,BUPPSRY,2015,9.5978909
CAN,TRY,2015,55.17366
CAN,UPPSRY,2015,35.228447
CAN,TRY_MEN,2015,49.226135
CAN,TRY_WOMEN,2015,61.063675
CAN,UPPSRY_MEN,2015,40.012466
CAN,UPPSRY_WOMEN,2015,30.49069
CAN,BUPPSRY,2016,9.3911886
CAN,TRY,2016,56.265068
CAN,UPPSRY,2016,34.343746
CAN,TRY_MEN,2016,50.077358
CAN,TRY_WOMEN,2016,62.385227
CAN,UPPSRY_MEN,2016,39.174831
CAN,UPPSRY_WOMEN,2016,29.565395
CAN,BUPPSRY,2017,8.8729382
CAN,TRY,2017,56.71452
CAN,UPPSRY,2017,34.412544
CAN,TRY_MEN,2017,50.368702
CAN,TRY_WOMEN,2017,62.985828
CAN,UPPSRY_MEN,2017,39.287178
CAN,UPPSRY_WOMEN,2017,29.595142
CHE,BUPPSRY,2008,13.19206
CHE,TRY,2008,33.652287
CHE,UPPSRY,2008,53.155655
CHE,TRY_MEN,2008,41.566307
CHE,TRY_WOMEN,2008,25.715227
CHE,UPPSRY_MEN,2008,48.812756
CHE,UPPSRY_WOMEN,2008,57.511192
CHE,BUPPSRY,2009,13.083202
CHE,TRY,2009,35.020153
CHE,UPPSRY,2009,51.896645
CHE,TRY_MEN,2009,42.763367
CHE,TRY_WOMEN,2009,27.210806
CHE,UPPSRY_MEN,2009,47.681431
CHE,UPPSRY_WOMEN,2009,56.147861
CHE,BUPPSRY,2010,14.966761
CHE,TRY,2010,33.881504
CHE,UPPSRY,2010,51.151737
CHE,TRY_MEN,2010,40.156902
CHE,TRY_WOMEN,2010,27.546822
CHE,UPPSRY_MEN,2010,48.062408
CHE,UPPSRY_WOMEN,2010,54.270248
CHE,BUPPSRY,2011,15.176706
CHE,TRY,2011,34.000179
CHE,UPPSRY,2011,50.823112
CHE,TRY_MEN,2011,39.874985
CHE,TRY_WOMEN,2011,28.06905
CHE,UPPSRY_MEN,2011,47.932545
CHE,UPPSRY_WOMEN,2011,53.741398
CHE,BUPPSRY,2012,14.334973
CHE,TRY,2012,35.291126
CHE,UPPSRY,2012,50.373901
CHE,TRY_MEN,2012,41.201698
CHE,TRY_WOMEN,2012,29.316168
CHE,UPPSRY_MEN,2012,47.09425
CHE,UPPSRY_WOMEN,2012,53.689278
CHE,BUPPSRY,2013,13.589899
CHE,TRY,2013,37.407192
CHE,UPPSRY,2013,49.002911
CHE,TRY_MEN,2013,43.047722
CHE,TRY_WOMEN,2013,31.693689
CHE,UPPSRY_MEN,2013,45.523087
CHE,UPPSRY_WOMEN,2013,52.527752
CHE,BUPPSRY,2014,12.776213
CHE,TRY,2014,38.428497
CHE,UPPSRY,2014,48.795288
CHE,TRY_MEN,2014,43.59951
CHE,TRY_WOMEN,2014,33.176338
CHE,UPPSRY_MEN,2014,45.272144
CHE,UPPSRY_WOMEN,2014,52.373722
CHE,BUPPSRY,2015,12.704829
CHE,TRY,2015,39.782719
CHE,UPPSRY,2015,47.512451
CHE,TRY_MEN,2015,44.213116
CHE,TRY_WOMEN,2015,35.279415
CHE,UPPSRY_MEN,2015,44.510803
CHE,UPPSRY_WOMEN,2015,50.563492
CHE,BUPPSRY,2016,12.564119
CHE,TRY,2016,41.235474
CHE,UPPSRY,2016,46.200405
CHE,TRY_MEN,2016,45.940552
CHE,TRY_WOMEN,2016,36.458977
CHE,UPPSRY_MEN,2016,43.065212
CHE,UPPSRY_WOMEN,2016,49.38319
CHE,BUPPSRY,2017,12.191644
CHE,TRY,2017,42.594601
CHE,UPPSRY,2017,45.213757
CHE,TRY_MEN,2017,47.220692
CHE,TRY_WOMEN,2017,37.898529
CHE,UPPSRY_MEN,2017,42.019848
CHE,UPPSRY_WOMEN,2017,48.455978
CHL,BUPPSRY,2009,43.493385
CHL,TRY,2009,17.120726
CHL,UPPSRY,2009,39.385891
CHL,TRY_MEN,2009,17.109118
CHL,TRY_WOMEN,2009,17.131065
CHL,UPPSRY_MEN,2009,40.322689
CHL,UPPSRY_WOMEN,2009,38.55164
CHL,BUPPSRY,2011,42.320229
CHL,TRY,2011,17.813892
CHL,UPPSRY,2011,39.865879
CHL,TRY_MEN,2011,17.908915
CHL,TRY_WOMEN,2011,17.731251
CHL,UPPSRY_MEN,2011,40.357674
CHL,UPPSRY_WOMEN,2011,39.438148
CHL,BUPPSRY,2013,38.585766
CHL,TRY,2013,21.089819
CHL,UPPSRY,2013,40.324417
CHL,TRY_MEN,2013,21.040022
CHL,TRY_WOMEN,2013,21.132866
CHL,UPPSRY_MEN,2013,40.646984
CHL,UPPSRY_WOMEN,2013,40.045582
CHL,BUPPSRY,2015,35.133507
CHL,TRY,2015,22.475199
CHL,UPPSRY,2015,42.391296
CHL,TRY_MEN,2015,22.454159
CHL,TRY_WOMEN,2015,22.493267
CHL,UPPSRY_MEN,2015,42.627129
CHL,UPPSRY_WOMEN,2015,42.188766
CHN,BUPPSRY,2010,75.53817
CHN,TRY,2010,9.6811743
CHN,UPPSRY,2010,14.780653
CHN,TRY_MEN,2010,10.760453
CHN,TRY_WOMEN,2010,8.5629225
CHN,UPPSRY_MEN,2010,16.555506
CHN,UPPSRY_WOMEN,2010,12.94171
COL,BUPPSRY,2014,48.033009
COL,TRY,2014,22.356598
COL,UPPSRY,2014,29.610394
COL,TRY_MEN,2014,20.628479
COL,TRY_WOMEN,2014,23.951704
COL,UPPSRY_MEN,2014,30.114704
COL,UPPSRY_WOMEN,2014,29.144901
COL,BUPPSRY,2015,49.589104
COL,TRY,2015,21.562889
COL,UPPSRY,2015,28.848007
COL,TRY_MEN,2015,19.608345
COL,TRY_WOMEN,2015,23.391415
COL,UPPSRY_MEN,2015,29.26355
COL,UPPSRY_WOMEN,2015,28.459257
COL,BUPPSRY,2016,47.523586
COL,TRY,2016,22.247128
COL,UPPSRY,2016,30.229284
COL,TRY_MEN,2016,20.174047
COL,TRY_WOMEN,2016,24.191235
COL,UPPSRY_MEN,2016,30.480776
COL,UPPSRY_WOMEN,2016,29.993441
COL,BUPPSRY,2017,46.221489
COL,TRY,2017,22.491623
COL,UPPSRY,2017,31.28689
COL,TRY_MEN,2017,20.590368
COL,TRY_WOMEN,2017,24.279985
COL,UPPSRY_MEN,2017,31.22529
COL,UPPSRY_WOMEN,2017,31.34483
CRI,TRY_WOMEN,2007,22.010872
CRI,UPPSRY_MEN,2007,14.148153
CRI,UPPSRY_WOMEN,2007,16.391228
CRI,BUPPSRY,2008,61.940212
CRI,TRY,2008,22.312418
CRI,UPPSRY,2008,15.747368
CRI,TRY_MEN,2008,21.791302
CRI,TRY_WOMEN,2008,22.817001
CRI,UPPSRY_MEN,2008,14.330508
CRI,UPPSRY_WOMEN,2008,17.119276
CRI,BUPPSRY,2009,61.093235
CRI,TRY,2009,23.416771
CRI,UPPSRY,2009,15.489995
CRI,TRY_MEN,2009,22.682451
CRI,TRY_WOMEN,2009,24.131628
CRI,UPPSRY_MEN,2009,14.914705
CRI,UPPSRY_WOMEN,2009,16.050037
CRI,BUPPSRY,2010,63.147984
CRI,TRY,2010,20.980572
CRI,UPPSRY,2010,15.871445
CRI,TRY_MEN,2010,20.027973
CRI,TRY_WOMEN,2010,21.925285
CRI,UPPSRY_MEN,2010,14.677197
CRI,UPPSRY_WOMEN,2010,17.055805
CRI,BUPPSRY,2011,62.58416
CRI,TRY,2011,21.594719
CRI,UPPSRY,2011,15.821122
CRI,TRY_MEN,2011,20.980396
CRI,TRY_WOMEN,2011,22.210791
CRI,UPPSRY_MEN,2011,14.645591
CRI,UPPSRY_WOMEN,2011,17.000002
CRI,BUPPSRY,2012,60.889778
CRI,TRY,2012,23.244442
CRI,UPPSRY,2012,15.865781
CRI,TRY_MEN,2012,22.458946
CRI,TRY_WOMEN,2012,24.033546
CRI,UPPSRY_MEN,2012,15.808207
CRI,UPPSRY_WOMEN,2012,15.923619
CRI,BUPPSRY,2013,59.697968
CRI,TRY,2013,23.270735
CRI,UPPSRY,2013,17.031296
CRI,TRY_MEN,2013,21.710941
CRI,TRY_WOMEN,2013,24.794907
CRI,UPPSRY_MEN,2013,17.068398
CRI,UPPSRY_WOMEN,2013,16.995043
CRI,BUPPSRY,2014,59.457653
CRI,TRY,2014,23.535925
CRI,UPPSRY,2014,17.00642
CRI,TRY_MEN,2014,22.793673
CRI,TRY_WOMEN,2014,24.262573
CRI,UPPSRY_MEN,2014,16.662304
CRI,UPPSRY_WOMEN,2014,17.343304
CRI,BUPPSRY,2015,60.632359
CRI,TRY,2015,23.136086
CRI,UPPSRY,2015,16.231556
CRI,TRY_MEN,2015,22.159082
CRI,TRY_WOMEN,2015,24.09667
CRI,UPPSRY_MEN,2015,16.426344
CRI,UPPSRY_WOMEN,2015,16.040039
CRI,BUPPSRY,2016,60.063385
CRI,TRY,2016,22.998714
CRI,UPPSRY,2016,16.937899
CRI,TRY_MEN,2016,21.172318
CRI,TRY_WOMEN,2016,24.779873
CRI,UPPSRY_MEN,2016,17.125578
CRI,UPPSRY_WOMEN,2016,16.754868
CRI,BUPPSRY,2017,60.489311
CRI,TRY,2017,22.989092
CRI,UPPSRY,2017,16.521597
CRI,TRY_MEN,2017,21.779003
CRI,TRY_WOMEN,2017,24.189367
CRI,UPPSRY_MEN,2017,15.813051
CRI,UPPSRY_WOMEN,2017,17.224396
CZE,BUPPSRY,2008,9.096694
CZE,TRY,2008,14.498895
CZE,UPPSRY,2008,76.404411
CZE,TRY_MEN,2008,15.249544
CZE,TRY_WOMEN,2008,13.740888
CZE,UPPSRY_MEN,2008,78.870338
CZE,UPPSRY_WOMEN,2008,73.914314
CZE,BUPPSRY,2009,8.5971041
CZE,TRY,2009,15.544437
CZE,UPPSRY,2009,75.858459
CZE,TRY_MEN,2009,16.176504
CZE,TRY_WOMEN,2009,14.90211
CZE,UPPSRY_MEN,2009,78.107689
CZE,UPPSRY_WOMEN,2009,73.572708
CZE,BUPPSRY,2010,8.0573692
CZE,TRY,2010,16.764982
CZE,UPPSRY,2010,75.17765
CZE,TRY_MEN,2010,17.254253
CZE,TRY_WOMEN,2010,16.267406
CZE,UPPSRY_MEN,2010,77.528778
CZE,UPPSRY_WOMEN,2010,72.786613
CZE,BUPPSRY,2011,7.6677351
CZE,TRY,2011,18.243177
CZE,UPPSRY,2011,74.089088
CZE,TRY_MEN,2011,18.417831
CZE,TRY_WOMEN,2011,18.065575
CZE,UPPSRY_MEN,2011,76.562912
CZE,UPPSRY_WOMEN,2011,71.573494
CZE,BUPPSRY,2012,7.5491762
CZE,TRY,2012,19.277992
CZE,UPPSRY,2012,73.172829
CZE,TRY_MEN,2012,19.016911
CZE,TRY_WOMEN,2012,19.544611
CZE,UPPSRY_MEN,2012,75.807465
CZE,UPPSRY_WOMEN,2012,70.482307
CZE,BUPPSRY,2013,7.1797996
CZE,TRY,2013,20.45986
CZE,UPPSRY,2013,72.360344
CZE,TRY_MEN,2013,19.962648
CZE,TRY_WOMEN,2013,20.968353
CZE,UPPSRY_MEN,2013,74.84005
CZE,UPPSRY_WOMEN,2013,69.824356
CZE,BUPPSRY,2014,6.8099089
CZE,TRY,2014,21.51013
CZE,UPPSRY,2014,71.679962
CZE,TRY_MEN,2014,20.672594
CZE,TRY_WOMEN,2014,22.367245
CZE,UPPSRY_MEN,2014,74.483772
CZE,UPPSRY_WOMEN,2014,68.810608
CZE,BUPPSRY,2015,6.841207
CZE,TRY,2015,22.186741
CZE,UPPSRY,2015,70.972054
CZE,TRY_MEN,2015,20.964939
CZE,TRY_WOMEN,2015,23.440073
CZE,UPPSRY_MEN,2015,74.027802
CZE,UPPSRY_WOMEN,2015,67.837448
CZE,BUPPSRY,2016,6.5732007
CZE,TRY,2016,22.971544
CZE,UPPSRY,2016,70.455254
CZE,TRY_MEN,2016,21.909687
CZE,TRY_WOMEN,2016,24.062445
CZE,UPPSRY_MEN,2016,73.080116
CZE,UPPSRY_WOMEN,2016,67.758606
CZE,BUPPSRY,2017,6.2063141
CZE,TRY,2017,23.927534
CZE,UPPSRY,2017,69.86615
CZE,TRY_MEN,2017,22.416576
CZE,TRY_WOMEN,2017,25.483604
CZE,UPPSRY_MEN,2017,72.735123
CZE,UPPSRY_WOMEN,2017,66.911522
DEU,BUPPSRY,2008,14.668834
DEU,TRY,2008,25.400061
DEU,UPPSRY,2008,59.931107
DEU,TRY_MEN,2008,28.949875
DEU,TRY_WOMEN,2008,21.83062
DEU,UPPSRY_MEN,2008,59.202728
DEU,UPPSRY_WOMEN,2008,60.663509
DEU,BUPPSRY,2009,14.520243
DEU,TRY,2009,26.385326
DEU,UPPSRY,2009,59.094433
DEU,TRY_MEN,2009,29.675966
DEU,TRY_WOMEN,2009,23.066357
DEU,UPPSRY_MEN,2009,58.432209
DEU,UPPSRY_WOMEN,2009,59.762356
DEU,BUPPSRY,2010,14.189683
DEU,TRY,2010,26.609148
DEU,UPPSRY,2010,59.201168
DEU,TRY_MEN,2010,29.818239
DEU,TRY_WOMEN,2010,23.37282
DEU,UPPSRY_MEN,2010,58.465305
DEU,UPPSRY_WOMEN,2010,59.943279
DEU,BUPPSRY,2011,13.74963
DEU,TRY,2011,27.562323
DEU,UPPSRY,2011,58.688049
DEU,TRY_MEN,2011,30.199104
DEU,TRY_WOMEN,2011,24.903835
DEU,UPPSRY_MEN,2011,58.369835
DEU,UPPSRY_WOMEN,2011,59.008881
DEU,BUPPSRY,2012,13.699094
DEU,TRY,2012,28.121572
DEU,UPPSRY,2012,58.179337
DEU,TRY_MEN,2012,30.480848
DEU,TRY_WOMEN,2012,25.742893
DEU,UPPSRY_MEN,2012,58.036034
DEU,UPPSRY_WOMEN,2012,58.323814
DEU,BUPPSRY,2013,13.679199
DEU,TRY,2013,28.47327
DEU,UPPSRY,2013,57.84753
DEU,TRY_MEN,2013,30.58095
DEU,TRY_WOMEN,2013,26.347219
DEU,UPPSRY_MEN,2013,57.761517
DEU,UPPSRY_WOMEN,2013,57.934292
DEU,BUPPSRY,2014,13.096583
DEU,TRY,2014,27.057884
DEU,UPPSRY,2014,59.845531
DEU,TRY_MEN,2014,30.447104
DEU,TRY_WOMEN,2014,23.663828
DEU,UPPSRY_MEN,2014,58.296429
DEU,UPPSRY_WOMEN,2014,61.396847
DEU,BUPPSRY,2015,13.208749
DEU,TRY,2015,27.638235
DEU,UPPSRY,2015,59.153015
DEU,TRY_MEN,2015,30.822794
DEU,TRY_WOMEN,2015,24.437277
DEU,UPPSRY_MEN,2015,57.631794
DEU,UPPSRY_WOMEN,2015,60.682072
DEU,BUPPSRY,2016,13.523512
DEU,TRY,2016,28.291723
DEU,UPPSRY,2016,58.184765
DEU,TRY_MEN,2016,31.311701
DEU,TRY_WOMEN,2016,25.228304
DEU,UPPSRY_MEN,2016,56.559963
DEU,UPPSRY_WOMEN,2016,59.832939
DEU,BUPPSRY,2017,13.478389
DEU,TRY,2017,28.58337
DEU,UPPSRY,2017,57.93824
DEU,TRY_MEN,2017,31.383993
DEU,TRY_WOMEN,2017,25.732599
DEU,UPPSRY_MEN,2017,56.267902
DEU,UPPSRY_WOMEN,2017,59.638489
DNK,BUPPSRY,2008,26.203114
DNK,TRY,2008,31.414381
DNK,UPPSRY,2008,42.382504
DNK,TRY_MEN,2008,28.952282
DNK,TRY_WOMEN,2008,33.926411
DNK,UPPSRY_MEN,2008,46.171612
DNK,UPPSRY_WOMEN,2008,38.51656
DNK,BUPPSRY,2009,25.244347
DNK,TRY,2009,32.449905
DNK,UPPSRY,2009,42.305748
DNK,TRY_MEN,2009,29.112455
DNK,TRY_WOMEN,2009,35.83601
DNK,UPPSRY_MEN,2009,47.043861
DNK,UPPSRY_WOMEN,2009,37.498558
DNK,BUPPSRY,2010,24.37451
DNK,TRY,2010,33.262753
DNK,UPPSRY,2010,42.362736
DNK,TRY_MEN,2010,30.168686
DNK,TRY_WOMEN,2010,36.417156
DNK,UPPSRY_MEN,2010,46.36348
DNK,UPPSRY_WOMEN,2010,38.283974
DNK,BUPPSRY,2011,23.103144
DNK,TRY,2011,33.702026
DNK,UPPSRY,2011,43.194832
DNK,TRY_MEN,2011,29.720867
DNK,TRY_WOMEN,2011,37.758144
DNK,UPPSRY_MEN,2011,47.525124
DNK,UPPSRY_WOMEN,2011,38.783001
DNK,BUPPSRY,2012,22.10408
DNK,TRY,2012,34.782349
DNK,UPPSRY,2012,43.113571
DNK,TRY_MEN,2012,29.80813
DNK,TRY_WOMEN,2012,39.862782
DNK,UPPSRY_MEN,2012,47.861485
DNK,UPPSRY_WOMEN,2012,38.264271
DNK,BUPPSRY,2013,21.733091
DNK,TRY,2013,35.42934
DNK,UPPSRY,2013,42.83757
DNK,TRY_MEN,2013,30.276464
DNK,TRY_WOMEN,2013,40.672806
DNK,UPPSRY_MEN,2013,47.493137
DNK,UPPSRY_WOMEN,2013,38.100151
DNK,BUPPSRY,2014,20.446318
DNK,TRY,2014,35.800922
DNK,UPPSRY,2014,43.752758
DNK,TRY_MEN,2014,30.955563
DNK,TRY_WOMEN,2014,40.692032
DNK,UPPSRY_MEN,2014,47.330097
DNK,UPPSRY_WOMEN,2014,40.141644
DNK,BUPPSRY,2015,19.62863
DNK,TRY,2015,37.095581
DNK,UPPSRY,2015,43.275791
DNK,TRY_MEN,2015,31.716614
DNK,TRY_WOMEN,2015,42.565228
DNK,UPPSRY_MEN,2015,47.36483
DNK,UPPSRY_WOMEN,2015,39.117821
DNK,BUPPSRY,2016,19.254272
DNK,TRY,2016,38.169136
DNK,UPPSRY,2016,42.576591
DNK,TRY_MEN,2016,33.52124
DNK,TRY_WOMEN,2016,42.886276
DNK,UPPSRY_MEN,2016,45.836121
DNK,UPPSRY_WOMEN,2016,39.268501
DNK,BUPPSRY,2017,18.670513
DNK,TRY,2017,39.232346
DNK,UPPSRY,2017,42.097141
DNK,TRY_MEN,2017,33.796181
DNK,TRY_WOMEN,2017,44.714474
DNK,UPPSRY_MEN,2017,45.623226
DNK,UPPSRY_WOMEN,2017,38.541245
ESP,BUPPSRY,2008,48.898933
ESP,TRY,2008,29.519304
ESP,UPPSRY,2008,21.58176
ESP,TRY_MEN,2008,28.865133
ESP,TRY_WOMEN,2008,30.188587
ESP,UPPSRY_MEN,2008,21.647127
ESP,UPPSRY_WOMEN,2008,21.514883
ESP,BUPPSRY,2009,48.375061
ESP,TRY,2009,29.989544
ESP,UPPSRY,2009,21.635395
ESP,TRY_MEN,2009,28.886629
ESP,TRY_WOMEN,2009,31.115898
ESP,UPPSRY_MEN,2009,21.737738
ESP,UPPSRY_WOMEN,2009,21.530878
ESP,BUPPSRY,2010,47.127037
ESP,TRY,2010,31.016668
ESP,UPPSRY,2010,21.856297
ESP,TRY_MEN,2010,29.568083
ESP,TRY_WOMEN,2010,32.491753
ESP,UPPSRY_MEN,2010,22.110355
ESP,UPPSRY_WOMEN,2010,21.597589
ESP,BUPPSRY,2011,45.960678
ESP,TRY,2011,31.91456
ESP,UPPSRY,2011,22.12476
ESP,TRY_MEN,2011,30.52334
ESP,TRY_WOMEN,2011,33.326809
ESP,UPPSRY_MEN,2011,22.045816
ESP,UPPSRY_WOMEN,2011,22.204897
ESP,BUPPSRY,2012,45.344112
ESP,TRY,2012,32.649994
ESP,UPPSRY,2012,22.005894
ESP,TRY_MEN,2012,31.075237
ESP,TRY_WOMEN,2012,34.241261
ESP,UPPSRY_MEN,2012,21.858583
ESP,UPPSRY_WOMEN,2012,22.154747
ESP,BUPPSRY,2013,44.545616
ESP,TRY,2013,33.734821
ESP,UPPSRY,2013,21.719563
ESP,TRY_MEN,2013,32.047512
ESP,TRY_WOMEN,2013,35.431107
ESP,UPPSRY_MEN,2013,21.372114
ESP,UPPSRY_WOMEN,2013,22.068859
ESP,BUPPSRY,2014,43.382374
ESP,TRY,2014,34.678776
ESP,UPPSRY,2014,21.93885
ESP,TRY_MEN,2014,32.813118
ESP,TRY_WOMEN,2014,36.547832
ESP,UPPSRY_MEN,2014,22.024538
ESP,UPPSRY_WOMEN,2014,21.853004
ESP,BUPPSRY,2015,42.565994
ESP,TRY,2015,35.081161
ESP,UPPSRY,2015,22.352846
ESP,TRY_MEN,2015,32.657227
ESP,TRY_WOMEN,2015,37.504776
ESP,UPPSRY_MEN,2015,22.65926
ESP,UPPSRY_WOMEN,2015,22.046331
ESP,BUPPSRY,2016,41.726074
ESP,TRY,2016,35.693489
ESP,UPPSRY,2016,22.580437
ESP,TRY_MEN,2016,32.98119
ESP,TRY_WOMEN,2016,38.397327
ESP,UPPSRY_MEN,2016,22.688265
ESP,UPPSRY_WOMEN,2016,22.472944
ESP,BUPPSRY,2017,40.925529
ESP,TRY,2017,36.351273
ESP,UPPSRY,2017,22.723196
ESP,TRY_MEN,2017,33.75465
ESP,TRY_WOMEN,2017,38.934372
ESP,UPPSRY_MEN,2017,22.721037
ESP,UPPSRY_WOMEN,2017,22.725344
EST,BUPPSRY,2008,11.692819
EST,TRY,2008,34.176804
EST,UPPSRY,2008,54.130379
EST,TRY_MEN,2008,26.201738
EST,TRY_WOMEN,2008,41.563114
EST,UPPSRY_MEN,2008,60.256916
EST,UPPSRY_WOMEN,2008,48.456123
EST,BUPPSRY,2009,11.327562
EST,TRY,2009,36.065544
EST,UPPSRY,2009,52.606895
EST,TRY_MEN,2009,26.493443
EST,TRY_WOMEN,2009,44.962532
EST,UPPSRY_MEN,2009,59.504539
EST,UPPSRY_WOMEN,2009,46.195736
EST,BUPPSRY,2010,10.864561
EST,TRY,2010,35.423084
EST,UPPSRY,2010,53.712353
EST,TRY_MEN,2010,26.480659
EST,TRY_WOMEN,2010,43.77713
EST,UPPSRY_MEN,2010,59.705551
EST,UPPSRY_WOMEN,2010,48.113487
EST,BUPPSRY,2011,10.989735
EST,TRY,2011,36.889767
EST,UPPSRY,2011,52.120499
EST,TRY_MEN,2011,28.079679
EST,TRY_WOMEN,2011,45.152157
EST,UPPSRY_MEN,2011,58.179489
EST,UPPSRY_WOMEN,2011,46.438175
EST,BUPPSRY,2012,10.076135
EST,TRY,2012,37.605877
EST,UPPSRY,2012,52.317989
EST,TRY_MEN,2012,28.885132
EST,TRY_WOMEN,2012,45.828297
EST,UPPSRY_MEN,2012,58.383217
EST,UPPSRY_WOMEN,2012,46.599342
EST,BUPPSRY,2013,9.4806528
EST,TRY,2013,37.345535
EST,UPPSRY,2013,53.173813
EST,TRY_MEN,2013,28.258377
EST,TRY_WOMEN,2013,45.959515
EST,UPPSRY_MEN,2013,59.358192
EST,UPPSRY_WOMEN,2013,47.311459
EST,BUPPSRY,2014,11.895004
EST,TRY,2014,37.499954
EST,UPPSRY,2014,50.605042
EST,TRY_MEN,2014,28.447504
EST,TRY_WOMEN,2014,46.141506
EST,UPPSRY_MEN,2014,55.440289
EST,UPPSRY_WOMEN,2014,45.989273
EST,BUPPSRY,2015,11.442164
EST,TRY,2015,38.030697
EST,UPPSRY,2015,50.527138
EST,TRY_MEN,2015,28.332598
EST,TRY_WOMEN,2015,47.362286
EST,UPPSRY_MEN,2015,57.061733
EST,UPPSRY_WOMEN,2015,44.239498
EST,BUPPSRY,2016,11.10444
EST,TRY,2016,38.756851
EST,UPPSRY,2016,50.13871
EST,TRY_MEN,2016,29.157036
EST,TRY_WOMEN,2016,48.067318
EST,UPPSRY_MEN,2016,56.15049
EST,UPPSRY_WOMEN,2016,44.308128
EST,BUPPSRY,2017,11.317183
EST,TRY,2017,39.663879
EST,UPPSRY,2017,49.018936
EST,TRY_MEN,2017,29.877974
EST,TRY_WOMEN,2017,49.222305
EST,UPPSRY_MEN,2017,55.16227
EST,UPPSRY_WOMEN,2017,43.01841
FIN,BUPPSRY,2008,18.926767
FIN,TRY,2008,36.583557
FIN,UPPSRY,2008,44.489677
FIN,TRY_MEN,2008,31.022511
FIN,TRY_WOMEN,2008,42.23674
FIN,UPPSRY_MEN,2008,47.730659
FIN,UPPSRY_WOMEN,2008,41.194996
FIN,BUPPSRY,2009,18.026873
FIN,TRY,2009,37.268574
FIN,UPPSRY,2009,44.704552
FIN,TRY_MEN,2009,31.355534
FIN,TRY_WOMEN,2009,43.27985
FIN,UPPSRY_MEN,2009,48.205776
FIN,UPPSRY_WOMEN,2009,41.145164
FIN,BUPPSRY,2010,17.01717
FIN,TRY,2010,38.146343
FIN,UPPSRY,2010,44.836487
FIN,TRY_MEN,2010,32.415871
FIN,TRY_WOMEN,2010,43.969322
FIN,UPPSRY_MEN,2010,48.339851
FIN,UPPSRY_WOMEN,2010,41.276569
FIN,BUPPSRY,2011,16.27569
FIN,TRY,2011,39.318207
FIN,UPPSRY,2011,44.406101
FIN,TRY_MEN,2011,33.023373
FIN,TRY_WOMEN,2011,45.724716
FIN,UPPSRY_MEN,2011,48.216892
FIN,UPPSRY_WOMEN,2011,40.527706
FIN,BUPPSRY,2012,15.202716
FIN,TRY,2012,39.661289
FIN,UPPSRY,2012,45.135994
FIN,TRY_MEN,2012,33.281662
FIN,TRY_WOMEN,2012,46.156898
FIN,UPPSRY_MEN,2012,48.991562
FIN,UPPSRY_WOMEN,2012,41.210335
FIN,BUPPSRY,2013,14.109433
FIN,TRY,2013,40.545231
FIN,UPPSRY,2013,45.345337
FIN,TRY_MEN,2013,34.131176
FIN,TRY_WOMEN,2013,47.075142
FIN,UPPSRY_MEN,2013,49.326359
FIN,UPPSRY_WOMEN,2013,41.292404
FIN,BUPPSRY,2014,13.493114
FIN,TRY,2014,41.776676
FIN,UPPSRY,2014,44.730209
FIN,TRY_MEN,2014,35.209499
FIN,TRY_WOMEN,2014,48.469807
FIN,UPPSRY_MEN,2014,48.683132
FIN,UPPSRY_WOMEN,2014,40.701469
FIN,BUPPSRY,2015,12.847135
FIN,TRY,2015,42.742619
FIN,UPPSRY,2015,44.410244
FIN,TRY_MEN,2015,36.266994
FIN,TRY_WOMEN,2015,49.341976
FIN,UPPSRY_MEN,2015,48.035625
FIN,UPPSRY_WOMEN,2015,40.715591
FIN,BUPPSRY,2016,12.091855
FIN,TRY,2016,43.595264
FIN,UPPSRY,2016,44.312881
FIN,TRY_MEN,2016,36.531628
FIN,TRY_WOMEN,2016,50.7971
FIN,UPPSRY_MEN,2016,48.827293
FIN,UPPSRY_WOMEN,2016,39.710144
FIN,BUPPSRY,2017,11.896179
FIN,TRY,2017,44.304253
FIN,UPPSRY,2017,43.799568
FIN,TRY_MEN,2017,36.63578
FIN,TRY_WOMEN,2017,52.151714
FIN,UPPSRY_MEN,2017,48.396294
FIN,UPPSRY_WOMEN,2017,39.095551
FRA,BUPPSRY,2008,30.401829
FRA,TRY,2008,27.233906
FRA,UPPSRY,2008,42.364265
FRA,TRY_MEN,2008,25.313351
FRA,TRY_WOMEN,2008,29.074776
FRA,UPPSRY_MEN,2008,45.464798
FRA,UPPSRY_WOMEN,2008,39.392376
FRA,BUPPSRY,2009,29.745792
FRA,TRY,2009,28.588057
FRA,UPPSRY,2009,41.666153
FRA,TRY_MEN,2009,26.667507
FRA,TRY_WOMEN,2009,30.428736
FRA,UPPSRY_MEN,2009,44.629845
FRA,UPPSRY_WOMEN,2009,38.825706
FRA,BUPPSRY,2010,29.233322
FRA,TRY,2010,29.006897
FRA,UPPSRY,2010,41.759781
FRA,TRY_MEN,2010,27.267246
FRA,TRY_WOMEN,2010,30.673267
FRA,UPPSRY_MEN,2010,44.752144
FRA,UPPSRY_WOMEN,2010,38.893467
FRA,BUPPSRY,2011,28.385553
FRA,TRY,2011,29.767
FRA,UPPSRY,2011,41.847446
FRA,TRY_MEN,2011,28.037289
FRA,TRY_WOMEN,2011,31.422382
FRA,UPPSRY_MEN,2011,44.636353
FRA,UPPSRY_WOMEN,2011,39.178383
FRA,BUPPSRY,2012,27.465466
FRA,TRY,2012,30.856123
FRA,UPPSRY,2012,41.67841
FRA,TRY_MEN,2012,28.958441
FRA,TRY_WOMEN,2012,32.671661
FRA,UPPSRY_MEN,2012,44.39595
FRA,UPPSRY_WOMEN,2012,39.078506
FRA,BUPPSRY,2013,25.153784
FRA,TRY,2013,32.105263
FRA,UPPSRY,2013,42.740952
FRA,TRY_MEN,2013,30.071928
FRA,TRY_WOMEN,2013,34.049885
FRA,UPPSRY_MEN,2013,45.742928
FRA,UPPSRY_WOMEN,2013,39.869949
FRA,BUPPSRY,2014,22.681496
FRA,TRY,2014,33.539047
FRA,UPPSRY,2014,43.779457
FRA,TRY_MEN,2014,31.197784
FRA,TRY_WOMEN,2014,35.7752
FRA,UPPSRY_MEN,2014,47.18317
FRA,UPPSRY_WOMEN,2014,40.528553
FRA,BUPPSRY,2015,22.467602
FRA,TRY,2015,34.085361
FRA,UPPSRY,2015,43.447037
FRA,TRY_MEN,2015,31.506598
FRA,TRY_WOMEN,2015,36.540623
FRA,UPPSRY_MEN,2015,46.698593
FRA,UPPSRY_WOMEN,2015,40.351204
FRA,BUPPSRY,2016,21.89171
FRA,TRY,2016,34.582485
FRA,UPPSRY,2016,43.525806
FRA,TRY_MEN,2016,32.173527
FRA,TRY_WOMEN,2016,36.876068
FRA,UPPSRY_MEN,2016,46.547363
FRA,UPPSRY_WOMEN,2016,40.648956
FRA,BUPPSRY,2017,21.615114
FRA,TRY,2017,35.213791
FRA,UPPSRY,2017,43.171093
FRA,TRY_MEN,2017,32.766411
FRA,TRY_WOMEN,2017,37.543358
FRA,UPPSRY_MEN,2017,46.260525
FRA,UPPSRY_WOMEN,2017,40.230385
G20,BUPPSRY,2010,36.138638
G20,TRY,2010,28.20744
G20,UPPSRY,2010,36.839818
G20,TRY_MEN,2010,27.583801
G20,TRY_WOMEN,2010,28.731463
G20,UPPSRY_MEN,2010,39.10695
G20,UPPSRY_WOMEN,2010,34.625448
G20,BUPPSRY,2011,36.556688
G20,TRY,2011,27.866679
G20,UPPSRY,2011,36.809792
G20,TRY_MEN,2011,27.198436
G20,TRY_WOMEN,2011,28.427593
G20,UPPSRY_MEN,2011,38.965697
G20,UPPSRY_WOMEN,2011,34.686908
GBR,BUPPSRY,2008,28.359348
GBR,TRY,2008,35.216167
GBR,UPPSRY,2008,36.424484
GBR,TRY_MEN,2008,35.157639
GBR,TRY_WOMEN,2008,35.273495
GBR,UPPSRY_MEN,2008,39.948269
GBR,UPPSRY_WOMEN,2008,32.972931
GBR,BUPPSRY,2009,26.256872
GBR,TRY,2009,36.984959
GBR,UPPSRY,2009,36.758167
GBR,TRY_MEN,2009,36.860756
GBR,TRY_WOMEN,2009,37.106785
GBR,UPPSRY_MEN,2009,40.245293
GBR,UPPSRY_WOMEN,2009,33.337765
GBR,BUPPSRY,2010,24.937599
GBR,TRY,2010,38.187191
GBR,UPPSRY,2010,36.87521
GBR,TRY_MEN,2010,38.078377
GBR,TRY_WOMEN,2010,38.29401
GBR,UPPSRY_MEN,2010,40.000443
GBR,UPPSRY_WOMEN,2010,33.807289
GBR,BUPPSRY,2011,23.167467
GBR,TRY,2011,39.412373
GBR,UPPSRY,2011,37.420158
GBR,TRY_MEN,2011,39.054924
GBR,TRY_WOMEN,2011,39.763615
GBR,UPPSRY_MEN,2011,40.263885
GBR,UPPSRY_WOMEN,2011,34.62582
GBR,BUPPSRY,2012,21.91477
GBR,TRY,2012,40.977753
GBR,UPPSRY,2012,37.107475
GBR,TRY_MEN,2012,40.365162
GBR,TRY_WOMEN,2012,41.580528
GBR,UPPSRY_MEN,2012,39.366108
GBR,UPPSRY_WOMEN,2012,34.885033
GBR,BUPPSRY,2013,20.849527
GBR,TRY,2013,41.891979
GBR,UPPSRY,2013,37.258495
GBR,TRY_MEN,2013,40.777828
GBR,TRY_WOMEN,2013,42.991165
GBR,UPPSRY_MEN,2013,39.81942
GBR,UPPSRY_WOMEN,2013,34.731964
GBR,BUPPSRY,2014,20.83497
GBR,TRY,2014,42.217449
GBR,UPPSRY,2014,36.947582
GBR,TRY_MEN,2014,40.906902
GBR,TRY_WOMEN,2014,43.496193
GBR,UPPSRY_MEN,2014,39.398472
GBR,UPPSRY_WOMEN,2014,34.556164
GBR,BUPPSRY,2015,20.38233
GBR,TRY,2015,44.197987
GBR,UPPSRY,2015,35.419685
GBR,TRY_MEN,2015,43.469074
GBR,TRY_WOMEN,2015,44.909252
GBR,UPPSRY_MEN,2015,36.879204
GBR,UPPSRY_WOMEN,2015,33.995499
GBR,BUPPSRY,2016,19.253021
GBR,TRY,2016,45.766762
GBR,UPPSRY,2016,34.980217
GBR,TRY_MEN,2016,45.196854
GBR,TRY_WOMEN,2016,46.323395
GBR,UPPSRY_MEN,2016,35.817101
GBR,UPPSRY_WOMEN,2016,34.162834
GBR,BUPPSRY,2017,18.831131
GBR,TRY,2017,45.744305
GBR,UPPSRY,2017,35.424564
GBR,TRY_MEN,2017,44.585037
GBR,TRY_WOMEN,2017,46.877583
GBR,UPPSRY_MEN,2017,36.873829
GBR,UPPSRY_WOMEN,2017,34.007793
GRC,BUPPSRY,2008,38.692974
GRC,TRY,2008,23.535585
GRC,UPPSRY,2008,37.771439
GRC,TRY_MEN,2008,24.248762
GRC,TRY_WOMEN,2008,22.832247
GRC,UPPSRY_MEN,2008,35.793388
GRC,UPPSRY_WOMEN,2008,39.722206
GRC,BUPPSRY,2009,38.5051
GRC,TRY,2009,23.656685
GRC,UPPSRY,2009,37.838215
GRC,TRY_MEN,2009,24.01519
GRC,TRY_WOMEN,2009,23.30374
GRC,UPPSRY_MEN,2009,35.941803
GRC,UPPSRY_WOMEN,2009,39.705212
GRC,BUPPSRY,2010,37.26366
GRC,TRY,2010,24.744848
GRC,UPPSRY,2010,37.991489
GRC,TRY_MEN,2010,24.945505
GRC,TRY_WOMEN,2010,24.547791
GRC,UPPSRY_MEN,2010,35.966927
GRC,UPPSRY_WOMEN,2010,39.979736
GRC,BUPPSRY,2011,35.445217
GRC,TRY,2011,26.112072
GRC,UPPSRY,2011,38.442711
GRC,TRY_MEN,2011,26.24349
GRC,TRY_WOMEN,2011,25.98332
GRC,UPPSRY_MEN,2011,36.532429
GRC,UPPSRY_WOMEN,2011,40.314236
GRC,BUPPSRY,2012,34.217484
GRC,TRY,2012,26.719267
GRC,UPPSRY,2012,39.063248
GRC,TRY_MEN,2012,26.705133
GRC,TRY_WOMEN,2012,26.733065
GRC,UPPSRY_MEN,2012,37.407097
GRC,UPPSRY_WOMEN,2012,40.680149
GRC,BUPPSRY,2013,32.80518
GRC,TRY,2013,27.423178
GRC,UPPSRY,2013,39.771641
GRC,TRY_MEN,2013,27.32473
GRC,TRY_WOMEN,2013,27.519138
GRC,UPPSRY_MEN,2013,38.350273
GRC,UPPSRY_WOMEN,2013,41.157101
GRC,BUPPSRY,2014,31.733679
GRC,TRY,2014,28.105659
GRC,UPPSRY,2014,40.160664
GRC,TRY_MEN,2014,27.690657
GRC,TRY_WOMEN,2014,28.51054
GRC,UPPSRY_MEN,2014,39.048546
GRC,UPPSRY_WOMEN,2014,41.245655
GRC,BUPPSRY,2015,29.780088
GRC,TRY,2015,29.057495
GRC,UPPSRY,2015,41.162418
GRC,TRY_MEN,2015,28.011593
GRC,TRY_WOMEN,2015,30.0784
GRC,UPPSRY_MEN,2015,40.397408
GRC,UPPSRY_WOMEN,2015,41.909142
GRC,BUPPSRY,2016,28.349747
GRC,TRY,2016,30.231607
GRC,UPPSRY,2016,41.418648
GRC,TRY_MEN,2016,28.513227
GRC,TRY_WOMEN,2016,31.91032
GRC,UPPSRY_MEN,2016,41.525116
GRC,UPPSRY_WOMEN,2016,41.314632
GRC,BUPPSRY,2017,27.290607
GRC,TRY,2017,31.027514
GRC,UPPSRY,2017,41.681881
GRC,TRY_MEN,2017,29.305016
GRC,TRY_WOMEN,2017,32.712036
GRC,UPPSRY_MEN,2017,42.195286
GRC,UPPSRY_WOMEN,2017,41.17979
HUN,BUPPSRY,2008,20.296638
HUN,TRY,2008,19.197906
HUN,UPPSRY,2008,60.505455
HUN,TRY_MEN,2008,17.300709
HUN,TRY_WOMEN,2008,20.988491
HUN,UPPSRY_MEN,2008,65.865936
HUN,UPPSRY_WOMEN,2008,55.446201
HUN,BUPPSRY,2009,19.425785
HUN,TRY,2009,19.86219
HUN,UPPSRY,2009,60.712025
HUN,TRY_MEN,2009,17.471045
HUN,TRY_WOMEN,2009,22.124817
HUN,UPPSRY_MEN,2009,66.364792
HUN,UPPSRY_WOMEN,2009,55.363083
HUN,BUPPSRY,2010,18.707645
HUN,TRY,2010,20.121918
HUN,UPPSRY,2010,61.170437
HUN,TRY_MEN,2010,17.631626
HUN,TRY_WOMEN,2010,22.49086
HUN,UPPSRY_MEN,2010,66.698441
HUN,UPPSRY_WOMEN,2010,55.911804
HUN,BUPPSRY,2011,18.232164
HUN,TRY,2011,21.124001
HUN,UPPSRY,2011,60.643833
HUN,TRY_MEN,2011,18.672935
HUN,TRY_WOMEN,2011,23.469839
HUN,UPPSRY_MEN,2011,65.950653
HUN,UPPSRY_WOMEN,2011,55.564846
HUN,BUPPSRY,2012,17.879883
HUN,TRY,2012,22.046715
HUN,UPPSRY,2012,60.073402
HUN,TRY_MEN,2012,19.088211
HUN,TRY_WOMEN,2012,24.860256
HUN,UPPSRY_MEN,2012,65.619118
HUN,UPPSRY_WOMEN,2012,54.799419
HUN,BUPPSRY,2013,17.505869
HUN,TRY,2013,22.505821
HUN,UPPSRY,2013,59.988312
HUN,TRY_MEN,2013,19.357929
HUN,TRY_WOMEN,2013,25.501186
HUN,UPPSRY_MEN,2013,65.61586
HUN,UPPSRY_WOMEN,2013,54.63343
HUN,BUPPSRY,2014,16.905603
HUN,TRY,2014,23.356073
HUN,UPPSRY,2014,59.738323
HUN,TRY_MEN,2014,20.240128
HUN,TRY_WOMEN,2014,26.337843
HUN,UPPSRY_MEN,2014,64.909737
HUN,UPPSRY_WOMEN,2014,54.7896
HUN,BUPPSRY,2015,16.783051
HUN,TRY,2015,24.242552
HUN,UPPSRY,2015,58.9744
HUN,TRY_MEN,2015,21.039064
HUN,TRY_WOMEN,2015,27.318335
HUN,UPPSRY_MEN,2015,63.866844
HUN,UPPSRY_WOMEN,2015,54.276981
HUN,BUPPSRY,2016,16.637701
HUN,TRY,2016,23.713329
HUN,UPPSRY,2016,59.648968
HUN,TRY_MEN,2016,20.482416
HUN,TRY_WOMEN,2016,26.829664
HUN,UPPSRY_MEN,2016,64.722328
HUN,UPPSRY_WOMEN,2016,54.755527
HUN,BUPPSRY,2017,15.97375
HUN,TRY,2017,24.054041
HUN,UPPSRY,2017,59.972206
HUN,TRY_MEN,2017,21.013105
HUN,TRY_WOMEN,2017,26.998577
HUN,UPPSRY_MEN,2017,64.980949
HUN,UPPSRY_WOMEN,2017,55.122253
IDN,BUPPSRY,2008,79.396156
IDN,TRY,2008,6.4554873
IDN,UPPSRY,2008,14.148355
IDN,TRY_MEN,2008,6.8904028
IDN,TRY_WOMEN,2008,6.0257816
IDN,UPPSRY_MEN,2008,16.235556
IDN,UPPSRY_WOMEN,2008,12.086156
IDN,BUPPSRY,2009,71.04689
IDN,TRY,2009,7.5285029
IDN,UPPSRY,2009,21.424606
IDN,TRY_MEN,2009,7.7842197
IDN,TRY_WOMEN,2009,7.2756858
IDN,UPPSRY_MEN,2009,24.81736
IDN,UPPSRY_WOMEN,2009,18.070333
IDN,BUPPSRY,2010,69.68969
IDN,TRY,2010,7.9779863
IDN,UPPSRY,2010,22.332325
IDN,TRY_MEN,2010,8.0670834
IDN,TRY_WOMEN,2010,7.8890595
IDN,UPPSRY_MEN,2010,25.412422
IDN,UPPSRY_WOMEN,2010,19.258108
IDN,BUPPSRY,2011,68.898232
IDN,TRY,2011,8.1564999
IDN,UPPSRY,2011,22.945271
IDN,TRY_MEN,2011,8.2216234
IDN,TRY_WOMEN,2011,8.0908623
IDN,UPPSRY_MEN,2011,26.528286
IDN,UPPSRY_WOMEN,2011,19.334007
IDN,BUPPSRY,2012,68.246284
IDN,TRY,2012,9.007103
IDN,UPPSRY,2012,22.746614
IDN,TRY_MEN,2012,9.3656998
IDN,TRY_WOMEN,2012,8.6462975
IDN,UPPSRY_MEN,2012,26.10998
IDN,UPPSRY_WOMEN,2012,19.362526
IDN,BUPPSRY,2013,67.267471
IDN,TRY,2013,9.3885174
IDN,UPPSRY,2013,23.344013
IDN,TRY_MEN,2013,9.663888
IDN,TRY_WOMEN,2013,9.111598
IDN,UPPSRY_MEN,2013,26.702505
IDN,UPPSRY_WOMEN,2013,19.966633
IDN,BUPPSRY,2014,66.420502
IDN,TRY,2014,9.6783018
IDN,UPPSRY,2014,23.901196
IDN,TRY_MEN,2014,9.7876959
IDN,TRY_WOMEN,2014,9.568326
IDN,UPPSRY_MEN,2014,27.584063
IDN,UPPSRY_WOMEN,2014,20.198721
IDN,BUPPSRY,2015,64.566017
IDN,TRY,2015,10.567527
IDN,UPPSRY,2015,24.866453
IDN,TRY_MEN,2015,10.668953
IDN,TRY_WOMEN,2015,10.465724
IDN,UPPSRY_MEN,2015,28.57028
IDN,UPPSRY_WOMEN,2015,21.148869
IDN,BUPPSRY,2016,62.976006
IDN,TRY,2016,11.337651
IDN,UPPSRY,2016,25.686342
IDN,TRY_MEN,2016,11.250453
IDN,TRY_WOMEN,2016,11.416537
IDN,UPPSRY_MEN,2016,29.262917
IDN,UPPSRY_WOMEN,2016,22.102358
IDN,BUPPSRY,2017,62.102646
IDN,TRY,2017,11.857569
IDN,UPPSRY,2017,26.039787
IDN,TRY_MEN,2017,11.721274
IDN,TRY_WOMEN,2017,11.992479
IDN,UPPSRY_MEN,2017,29.5383
IDN,UPPSRY_WOMEN,2017,22.564634
IND,BUPPSRY,2011,71.298172
IND,TRY,2011,10.595189
IND,UPPSRY,2011,18.10664
IND,TRY_MEN,2011,13.318929
IND,TRY_WOMEN,2011,7.7748356
IND,UPPSRY_MEN,2011,22.600235
IND,UPPSRY_WOMEN,2011,13.453652
IRL,BUPPSRY,2008,30.546635
IRL,TRY,2008,33.902611
IRL,UPPSRY,2008,35.550751
IRL,TRY_MEN,2008,30.996067
IRL,TRY_WOMEN,2008,36.824852
IRL,UPPSRY_MEN,2008,35.072479
IRL,UPPSRY_WOMEN,2008,36.031609
IRL,BUPPSRY,2009,28.832077
IRL,TRY,2009,35.822323
IRL,UPPSRY,2009,35.3456
IRL,TRY_MEN,2009,32.987625
IRL,TRY_WOMEN,2009,38.652878
IRL,UPPSRY_MEN,2009,35.043652
IRL,UPPSRY_WOMEN,2009,35.64711
IRL,BUPPSRY,2010,27.225185
IRL,TRY,2010,37.584061
IRL,UPPSRY,2010,35.190754
IRL,TRY_MEN,2010,34.375969
IRL,TRY_WOMEN,2010,40.753574
IRL,UPPSRY_MEN,2010,35.446854
IRL,UPPSRY_WOMEN,2010,34.937729
IRL,BUPPSRY,2011,26.365326
IRL,TRY,2011,38.162312
IRL,UPPSRY,2011,35.472363
IRL,TRY_MEN,2011,34.86573
IRL,TRY_WOMEN,2011,41.405052
IRL,UPPSRY_MEN,2011,35.78389
IRL,UPPSRY_WOMEN,2011,35.165924
IRL,BUPPSRY,2012,25.367115
IRL,TRY,2012,39.69788
IRL,UPPSRY,2012,34.935005
IRL,TRY_MEN,2012,36.214603
IRL,TRY_WOMEN,2012,43.099594
IRL,UPPSRY_MEN,2012,35.581688
IRL,UPPSRY_WOMEN,2012,34.303467
IRL,BUPPSRY,2013,23.273964
IRL,TRY,2013,41.47068
IRL,UPPSRY,2013,35.255356
IRL,TRY_MEN,2013,37.618668
IRL,TRY_WOMEN,2013,45.214443
IRL,UPPSRY_MEN,2013,36.249138
IRL,UPPSRY_WOMEN,2013,34.289505
IRL,BUPPSRY,2014,21.187292
IRL,TRY,2014,40.967049
IRL,UPPSRY,2014,37.845661
IRL,TRY_MEN,2014,37.234863
IRL,TRY_WOMEN,2014,44.563564
IRL,UPPSRY_MEN,2014,38.475346
IRL,UPPSRY_WOMEN,2014,37.238861
IRL,BUPPSRY,2015,20.182577
IRL,TRY,2015,42.806118
IRL,UPPSRY,2015,37.011307
IRL,TRY_MEN,2015,38.907608
IRL,TRY_WOMEN,2015,46.547295
IRL,UPPSRY_MEN,2015,38.068134
IRL,UPPSRY_WOMEN,2015,35.997128
IRL,BUPPSRY,2017,17.994549
IRL,TRY,2017,45.65897
IRL,UPPSRY,2017,36.346481
IRL,TRY_MEN,2017,42.223335
IRL,TRY_WOMEN,2017,48.972515
IRL,UPPSRY_MEN,2017,36.631069
IRL,UPPSRY_WOMEN,2017,36.072002
ISL,BUPPSRY,2008,30.940493
ISL,TRY,2008,31.591888
ISL,UPPSRY,2008,37.467621
ISL,TRY_MEN,2008,28.676628
ISL,TRY_WOMEN,2008,34.75301
ISL,UPPSRY_MEN,2008,43.46096
ISL,UPPSRY_WOMEN,2008,30.968821
ISL,BUPPSRY,2009,30.005922
ISL,TRY,2009,32.907246
ISL,UPPSRY,2009,37.08683
ISL,TRY_MEN,2009,29.253628
ISL,TRY_WOMEN,2009,36.736088
ISL,UPPSRY_MEN,2009,42.874901
ISL,UPPSRY_WOMEN,2009,31.021173
ISL,BUPPSRY,2010,29.282291
ISL,TRY,2010,32.632442
ISL,UPPSRY,2010,38.085266
ISL,TRY_MEN,2010,27.518684
ISL,TRY_WOMEN,2010,37.840931
ISL,UPPSRY_MEN,2010,45.198158
ISL,UPPSRY_WOMEN,2010,30.840611
ISL,BUPPSRY,2011,29.195244
ISL,TRY,2011,33.774651
ISL,UPPSRY,2011,37.030106
ISL,TRY_MEN,2011,28.105434
ISL,TRY_WOMEN,2011,39.501953
ISL,UPPSRY_MEN,2011,45.253654
ISL,UPPSRY_WOMEN,2011,28.722296
ISL,BUPPSRY,2012,29.207808
ISL,TRY,2012,35.01783
ISL,UPPSRY,2012,35.774364
ISL,TRY_MEN,2012,28.847036
ISL,TRY_WOMEN,2012,41.269173
ISL,UPPSRY_MEN,2012,43.977848
ISL,UPPSRY_WOMEN,2012,27.463797
ISL,BUPPSRY,2013,27.830322
ISL,TRY,2013,36.08242
ISL,UPPSRY,2013,36.087257
ISL,TRY_MEN,2013,29.771448
ISL,TRY_WOMEN,2013,42.471531
ISL,UPPSRY_MEN,2013,44.419308
ISL,UPPSRY_WOMEN,2013,27.652048
ISL,BUPPSRY,2014,26.74341
ISL,TRY,2014,37.088051
ISL,UPPSRY,2014,36.168541
ISL,TRY_MEN,2014,30.90213
ISL,TRY_WOMEN,2014,43.302914
ISL,UPPSRY_MEN,2014,43.241867
ISL,UPPSRY_WOMEN,2014,29.062115
ISL,BUPPSRY,2015,25.303907
ISL,TRY,2015,38.841152
ISL,UPPSRY,2015,35.854942
ISL,TRY_MEN,2015,31.442921
ISL,TRY_WOMEN,2015,46.322239
ISL,UPPSRY_MEN,2015,42.860901
ISL,UPPSRY_WOMEN,2015,28.770517
ISL,BUPPSRY,2016,22.001961
ISL,TRY,2016,40.475002
ISL,UPPSRY,2016,37.523037
ISL,TRY_MEN,2016,32.87204
ISL,TRY_WOMEN,2016,48.270401
ISL,UPPSRY_MEN,2016,44.842007
ISL,UPPSRY_WOMEN,2016,30.01882
ISL,BUPPSRY,2017,22.86241
ISL,TRY,2017,42.38409
ISL,UPPSRY,2017,34.753498
ISL,TRY_MEN,2017,34.652725
ISL,TRY_WOMEN,2017,50.520809
ISL,UPPSRY_MEN,2017,42.143188
ISL,UPPSRY_WOMEN,2017,26.976372
ISR,BUPPSRY,2008,18.767063
ISR,TRY,2008,43.980537
ISR,UPPSRY,2008,37.252399
ISR,TRY_MEN,2008,40.722355
ISR,TRY_WOMEN,2008,47.134624
ISR,UPPSRY_MEN,2008,39.032181
ISR,UPPSRY_WOMEN,2008,35.52948
ISR,BUPPSRY,2009,18.222622
ISR,TRY,2009,44.880913
ISR,UPPSRY,2009,36.896465
ISR,TRY_MEN,2009,40.913353
ISR,TRY_WOMEN,2009,48.661175
ISR,UPPSRY_MEN,2009,39.033924
ISR,UPPSRY_WOMEN,2009,34.859909
ISR,BUPPSRY,2010,17.935621
ISR,TRY,2010,45.560074
ISR,UPPSRY,2010,36.504307
ISR,TRY_MEN,2010,41.62141
ISR,TRY_WOMEN,2010,49.3806
ISR,UPPSRY_MEN,2010,39.068352
ISR,UPPSRY_WOMEN,2010,34.017166
ISR,BUPPSRY,2011,16.986902
ISR,TRY,2011,46.396889
ISR,UPPSRY,2011,36.616207
ISR,TRY_MEN,2011,43.148518
ISR,TRY_WOMEN,2011,49.553558
ISR,UPPSRY_MEN,2011,38.610687
ISR,UPPSRY_WOMEN,2011,34.678032
ISR,BUPPSRY,2012,15.451829
ISR,TRY,2012,46.441711
ISR,UPPSRY,2012,38.106457
ISR,TRY_MEN,2012,41.942001
ISR,TRY_WOMEN,2012,50.800053
ISR,UPPSRY_MEN,2012,41.816986
ISR,UPPSRY_WOMEN,2012,34.512508
ISR,BUPPSRY,2013,15.01176
ISR,TRY,2013,47.421043
ISR,UPPSRY,2013,37.567196
ISR,TRY_MEN,2013,42.87558
ISR,TRY_WOMEN,2013,51.810978
ISR,UPPSRY_MEN,2013,41.122326
ISR,UPPSRY_WOMEN,2013,34.133713
ISR,BUPPSRY,2014,14.64511
ISR,TRY,2014,48.53273
ISR,UPPSRY,2014,36.822159
ISR,TRY_MEN,2014,43.871922
ISR,TRY_WOMEN,2014,53.042099
ISR,UPPSRY_MEN,2014,40.523792
ISR,UPPSRY_WOMEN,2014,33.240799
ISR,BUPPSRY,2015,14.464885
ISR,TRY,2015,48.824478
ISR,UPPSRY,2015,36.710636
ISR,TRY_MEN,2015,44.526859
ISR,TRY_WOMEN,2015,52.97908
ISR,UPPSRY_MEN,2015,40.13921
ISR,UPPSRY_WOMEN,2015,33.39616
ISR,BUPPSRY,2016,13.231215
ISR,TRY,2016,49.895348
ISR,UPPSRY,2016,36.87344
ISR,TRY_MEN,2016,45.177593
ISR,TRY_WOMEN,2016,54.461967
ISR,UPPSRY_MEN,2016,40.765846
ISR,UPPSRY_WOMEN,2016,33.105724
ISR,BUPPSRY,2017,12.625726
ISR,TRY,2017,50.91605
ISR,UPPSRY,2017,36.458225
ISR,TRY_MEN,2017,46.323353
ISR,TRY_WOMEN,2017,55.332455
ISR,UPPSRY_MEN,2017,40.422241
ISR,UPPSRY_WOMEN,2017,32.646366
ITA,BUPPSRY,2008,46.687767
ITA,TRY,2008,14.357011
ITA,UPPSRY,2008,38.955219
ITA,TRY_MEN,2008,12.992508
ITA,TRY_WOMEN,2008,15.708399
ITA,UPPSRY_MEN,2008,39.36631
ITA,UPPSRY_WOMEN,2008,38.548084
ITA,BUPPSRY,2009,45.698818
ITA,TRY,2009,14.510798
ITA,UPPSRY,2009,39.790382
ITA,TRY_MEN,2009,13.014586
ITA,TRY_WOMEN,2009,15.989163
ITA,UPPSRY_MEN,2009,40.527149
ITA,UPPSRY_WOMEN,2009,39.062401
ITA,BUPPSRY,2010,44.825645
ITA,TRY,2010,14.802574
ITA,UPPSRY,2010,40.37178
ITA,TRY_MEN,2010,13.249471
ITA,TRY_WOMEN,2010,16.332973
ITA,UPPSRY_MEN,2010,41.078224
ITA,UPPSRY_WOMEN,2010,39.675659
ITA,BUPPSRY,2011,43.971539
ITA,TRY,2011,14.935372
ITA,UPPSRY,2011,41.093086
ITA,TRY_MEN,2011,13.394026
ITA,TRY_WOMEN,2011,16.449827
ITA,UPPSRY_MEN,2011,41.410023
ITA,UPPSRY_WOMEN,2011,40.781681
ITA,BUPPSRY,2012,42.763065
ITA,TRY,2012,15.708264
ITA,UPPSRY,2012,41.528671
ITA,TRY_MEN,2012,13.924894
ITA,TRY_WOMEN,2012,17.459343
ITA,UPPSRY_MEN,2012,41.747227
ITA,UPPSRY_WOMEN,2012,41.314072
ITA,BUPPSRY,2013,41.84333
ITA,TRY,2013,16.289694
ITA,UPPSRY,2013,41.866974
ITA,TRY_MEN,2013,14.428825
ITA,TRY_WOMEN,2013,18.117186
ITA,UPPSRY_MEN,2013,42.187504
ITA,UPPSRY_WOMEN,2013,41.552197
ITA,BUPPSRY,2014,40.693222
ITA,TRY,2014,16.910578
ITA,UPPSRY,2014,42.396198
ITA,TRY_MEN,2014,14.910445
ITA,TRY_WOMEN,2014,18.865322
ITA,UPPSRY_MEN,2014,42.68565
ITA,UPPSRY_WOMEN,2014,42.113319
ITA,BUPPSRY,2015,40.108776
ITA,TRY,2015,17.546457
ITA,UPPSRY,2015,42.344765
ITA,TRY_MEN,2015,15.262836
ITA,TRY_WOMEN,2015,19.778906
ITA,UPPSRY_MEN,2015,42.707825
ITA,UPPSRY_WOMEN,2015,41.989841
ITA,BUPPSRY,2016,39.856853
ITA,TRY,2016,17.723593
ITA,UPPSRY,2016,42.419556
ITA,TRY_MEN,2016,15.286468
ITA,TRY_WOMEN,2016,20.106771
ITA,UPPSRY_MEN,2016,42.792294
ITA,UPPSRY_WOMEN,2016,42.055065
ITA,BUPPSRY,2017,39.084484
ITA,TRY,2017,18.669672
ITA,UPPSRY,2017,42.245842
ITA,TRY_MEN,2017,15.805677
ITA,TRY_WOMEN,2017,21.47291
ITA,UPPSRY_MEN,2017,42.959179
ITA,UPPSRY_WOMEN,2017,41.547642
JPN,TRY,2008,42.842262
JPN,TRY_MEN,2008,43.895176
JPN,TRY_WOMEN,2008,41.7906
JPN,TRY,2009,43.764038
JPN,TRY_MEN,2009,44.717152
JPN,TRY_WOMEN,2009,42.810066
JPN,TRY,2010,44.809975
JPN,TRY_MEN,2010,45.498199
JPN,TRY_WOMEN,2010,44.1203
JPN,TRY,2011,46.364063
JPN,TRY_MEN,2011,46.807171
JPN,TRY_WOMEN,2011,45.922207
JPN,TRY,2012,46.619377
JPN,TRY_MEN,2012,46.759121
JPN,TRY_WOMEN,2012,46.479298
JPN,TRY,2013,47.311993
JPN,TRY_MEN,2013,47.522934
JPN,TRY_WOMEN,2013,47.100338
JPN,TRY,2014,48.185074
JPN,TRY_MEN,2014,48.136646
JPN,TRY_WOMEN,2014,48.233822
JPN,TRY,2015,49.541573
JPN,TRY_MEN,2015,49.558918
JPN,TRY_WOMEN,2015,49.524113
JPN,TRY,2016,50.496956
JPN,TRY_MEN,2016,50.335358
JPN,TRY_WOMEN,2016,50.659801
JPN,TRY,2017,51.440529
JPN,TRY_MEN,2017,50.736706
JPN,TRY_WOMEN,2017,52.151409
KOR,BUPPSRY,2008,20.631649
KOR,TRY,2008,36.669804
KOR,UPPSRY,2008,42.698547
KOR,TRY_MEN,2008,41.292423
KOR,TRY_WOMEN,2008,31.941628
KOR,UPPSRY_MEN,2008,42.726017
KOR,UPPSRY_WOMEN,2008,42.670452
KOR,BUPPSRY,2009,19.37129
KOR,TRY,2009,38.470245
KOR,UPPSRY,2009,42.158466
KOR,TRY_MEN,2009,43.049057
KOR,TRY_WOMEN,2009,33.775242
KOR,UPPSRY_MEN,2009,42.05323
KOR,UPPSRY_WOMEN,2009,42.266373
KOR,BUPPSRY,2010,19.059269
KOR,TRY,2010,39.044632
KOR,UPPSRY,2010,41.896099
KOR,TRY_MEN,2010,43.178467
KOR,TRY_WOMEN,2010,34.814861
KOR,UPPSRY_MEN,2010,42.066227
KOR,UPPSRY_WOMEN,2010,41.722027
KOR,BUPPSRY,2011,18.535269
KOR,TRY,2011,40.381783
KOR,UPPSRY,2011,41.082951
KOR,TRY_MEN,2011,44.78149
KOR,TRY_WOMEN,2011,35.885468
KOR,UPPSRY_MEN,2011,40.885197
KOR,UPPSRY_WOMEN,2011,41.285046
KOR,BUPPSRY,2012,17.488157
KOR,TRY,2012,41.746613
KOR,UPPSRY,2012,40.765228
KOR,TRY_MEN,2012,45.902386
KOR,TRY_WOMEN,2012,37.499748
KOR,UPPSRY_MEN,2012,40.774841
KOR,UPPSRY_WOMEN,2012,40.755405
KOR,BUPPSRY,2013,16.277796
KOR,TRY,2013,43.075195
KOR,UPPSRY,2013,40.647007
KOR,TRY_MEN,2013,47.098541
KOR,TRY_WOMEN,2013,38.961857
KOR,UPPSRY_MEN,2013,40.590866
KOR,UPPSRY_WOMEN,2013,40.704407
KOR,BUPPSRY,2014,15.002967
KOR,TRY,2014,44.49865
KOR,UPPSRY,2014,40.498386
KOR,TRY_MEN,2014,48.338402
KOR,TRY_WOMEN,2014,40.563198
KOR,UPPSRY_MEN,2014,40.287319
KOR,UPPSRY_WOMEN,2014,40.71471
KOR,BUPPSRY,2015,14.229398
KOR,TRY,2015,45.356678
KOR,UPPSRY,2015,40.413925
KOR,TRY_MEN,2015,49.042599
KOR,TRY_WOMEN,2015,41.568684
KOR,UPPSRY_MEN,2015,40.007366
KOR,UPPSRY_WOMEN,2015,40.831745
KOR,BUPPSRY,2016,13.227958
KOR,TRY,2016,46.643951
KOR,UPPSRY,2016,40.12809
KOR,TRY_MEN,2016,50.185818
KOR,TRY_WOMEN,2016,43.001148
KOR,UPPSRY_MEN,2016,39.495762
KOR,UPPSRY_WOMEN,2016,40.778442
KOR,BUPPSRY,2017,12.388158
KOR,TRY,2017,47.744724
KOR,UPPSRY,2017,39.867115
KOR,TRY_MEN,2017,50.974545
KOR,TRY_WOMEN,2017,44.414146
KOR,UPPSRY_MEN,2017,39.374939
KOR,UPPSRY_WOMEN,2017,40.374645
LTU,UPPSRY_MEN,2007,62.649925
LTU,UPPSRY_WOMEN,2007,57.597637
LTU,BUPPSRY,2008,9.4485025
LTU,TRY,2008,30.408518
LTU,UPPSRY,2008,60.142979
LTU,TRY_MEN,2008,25.308851
LTU,TRY_WOMEN,2008,35.041939
LTU,UPPSRY_MEN,2008,64.001961
LTU,UPPSRY_WOMEN,2008,56.63681
LTU,BUPPSRY,2009,8.6813269
LTU,TRY,2009,30.958277
LTU,UPPSRY,2009,60.360397
LTU,TRY_MEN,2009,25.473921
LTU,TRY_WOMEN,2009,35.96101
LTU,UPPSRY_MEN,2009,64.779404
LTU,UPPSRY_WOMEN,2009,56.329456
LTU,BUPPSRY,2010,8.1011848
LTU,TRY,2010,32.440029
LTU,UPPSRY,2010,59.458786
LTU,TRY_MEN,2010,26.000668
LTU,TRY_WOMEN,2010,38.24588
LTU,UPPSRY_MEN,2010,64.865692
LTU,UPPSRY_WOMEN,2010,54.58382
LTU,BUPPSRY,2011,7.1331868
LTU,TRY,2011,33.489258
LTU,UPPSRY,2011,59.377556
LTU,TRY_MEN,2011,27.032896
LTU,TRY_WOMEN,2011,39.308311
LTU,UPPSRY_MEN,2011,64.952133
LTU,UPPSRY_WOMEN,2011,54.353245
LTU,BUPPSRY,2012,6.6762033
LTU,TRY,2012,34.05378
LTU,UPPSRY,2012,59.27002
LTU,TRY_MEN,2012,27.258413
LTU,TRY_WOMEN,2012,40.19408
LTU,UPPSRY_MEN,2012,64.76548
LTU,UPPSRY_WOMEN,2012,54.30431
LTU,BUPPSRY,2013,6.5573592
LTU,TRY,2013,35.19833
LTU,UPPSRY,2013,58.244312
LTU,TRY_MEN,2013,28.289999
LTU,TRY_WOMEN,2013,41.460518
LTU,UPPSRY_MEN,2013,63.772144
LTU,UPPSRY_WOMEN,2013,53.233501
LTU,BUPPSRY,2014,8.8240929
LTU,TRY,2014,36.668087
LTU,UPPSRY,2014,54.50782
LTU,TRY_MEN,2014,30.187037
LTU,TRY_WOMEN,2014,42.570419
LTU,UPPSRY_MEN,2014,58.111835
LTU,UPPSRY_WOMEN,2014,51.225624
LTU,BUPPSRY,2015,8.6442165
LTU,TRY,2015,38.724106
LTU,UPPSRY,2015,52.63168
LTU,TRY_MEN,2015,31.510479
LTU,TRY_WOMEN,2015,45.31752
LTU,UPPSRY_MEN,2015,56.840912
LTU,UPPSRY_WOMEN,2015,48.784344
LTU,BUPPSRY,2016,7.4843569
LTU,TRY,2016,39.732628
LTU,UPPSRY,2016,52.783016
LTU,TRY_MEN,2016,31.748549
LTU,TRY_WOMEN,2016,47.049824
LTU,UPPSRY_MEN,2016,57.976788
LTU,UPPSRY_WOMEN,2016,48.02306
LTU,BUPPSRY,2017,7.1719623
LTU,TRY,2017,40.273941
LTU,UPPSRY,2017,52.554096
LTU,TRY_MEN,2017,32.630604
LTU,TRY_WOMEN,2017,47.334618
LTU,UPPSRY_MEN,2017,57.787132
LTU,UPPSRY_WOMEN,2017,47.719982
LUX,BUPPSRY,2008,32.058296
LUX,TRY,2008,27.653927
LUX,UPPSRY,2008,40.287777
LUX,TRY_MEN,2008,29.348513
LUX,TRY_WOMEN,2008,25.911573
LUX,UPPSRY_MEN,2008,42.17831
LUX,UPPSRY_WOMEN,2008,38.343952
LUX,BUPPSRY,2009,22.655592
LUX,TRY,2009,34.795971
LUX,UPPSRY,2009,42.548435
LUX,TRY_MEN,2009,37.581799
LUX,TRY_WOMEN,2009,31.958441
LUX,UPPSRY_MEN,2009,42.776512
LUX,UPPSRY_WOMEN,2009,42.316128
LUX,BUPPSRY,2010,22.322315
LUX,TRY,2010,35.475895
LUX,UPPSRY,2010,42.20179
LUX,TRY_MEN,2010,38.884422
LUX,TRY_WOMEN,2010,32.022472
LUX,UPPSRY_MEN,2010,41.82111
LUX,UPPSRY_WOMEN,2010,42.587482
LUX,BUPPSRY,2011,22.742352
LUX,TRY,2011,37.034779
LUX,UPPSRY,2011,40.22287
LUX,TRY_MEN,2011,39.482323
LUX,TRY_WOMEN,2011,34.525772
LUX,UPPSRY_MEN,2011,39.783173
LUX,UPPSRY_WOMEN,2011,40.673607
LUX,BUPPSRY,2012,21.69751
LUX,TRY,2012,39.110382
LUX,UPPSRY,2012,39.192108
LUX,TRY_MEN,2012,41.909679
LUX,TRY_WOMEN,2012,36.237282
LUX,UPPSRY_MEN,2012,38.309841
LUX,UPPSRY_WOMEN,2012,40.097633
LUX,BUPPSRY,2013,19.512997
LUX,TRY,2013,40.673241
LUX,UPPSRY,2013,39.813763
LUX,TRY_MEN,2013,41.89661
LUX,TRY_WOMEN,2013,39.411995
LUX,UPPSRY_MEN,2013,39.724571
LUX,UPPSRY_WOMEN,2013,39.90572
LUX,BUPPSRY,2014,18.023409
LUX,TRY,2014,45.935593
LUX,UPPSRY,2014,36.041
LUX,TRY_MEN,2014,47.82814
LUX,TRY_WOMEN,2014,43.9907
LUX,UPPSRY_MEN,2014,36.248791
LUX,UPPSRY_WOMEN,2014,35.827461
LUX,BUPPSRY,2015,25.391632
LUX,TRY,2015,39.794865
LUX,UPPSRY,2015,34.813503
LUX,TRY_MEN,2015,39.599579
LUX,TRY_WOMEN,2015,39.998001
LUX,UPPSRY_MEN,2015,35.586498
LUX,UPPSRY_WOMEN,2015,34.009411
LUX,BUPPSRY,2016,21.180861
LUX,TRY,2016,42.856003
LUX,UPPSRY,2016,35.963139
LUX,TRY_MEN,2016,42.995258
LUX,TRY_WOMEN,2016,42.706947
LUX,UPPSRY_MEN,2016,36.638424
LUX,UPPSRY_WOMEN,2016,35.240349
LUX,BUPPSRY,2017,23.302259
LUX,TRY,2017,40.325737
LUX,UPPSRY,2017,36.372005
LUX,TRY_MEN,2017,39.254742
LUX,TRY_WOMEN,2017,41.437519
LUX,UPPSRY_MEN,2017,38.067387
LUX,UPPSRY_WOMEN,2017,34.612057
LVA,BUPPSRY,2008,14.141485
LVA,TRY,2008,24.822483
LVA,UPPSRY,2008,61.03603
LVA,TRY_MEN,2008,18.50391
LVA,TRY_WOMEN,2008,30.469065
LVA,UPPSRY_MEN,2008,63.956402
LVA,UPPSRY_WOMEN,2008,58.426247
LVA,BUPPSRY,2009,13.22369
LVA,TRY,2009,25.846195
LVA,UPPSRY,2009,60.930115
LVA,TRY_MEN,2009,18.933725
LVA,TRY_WOMEN,2009,32.029045
LVA,UPPSRY_MEN,2009,64.176041
LVA,UPPSRY_WOMEN,2009,58.026802
LVA,BUPPSRY,2010,11.396096
LVA,TRY,2010,26.946114
LVA,UPPSRY,2010,61.657791
LVA,TRY_MEN,2010,20.449883
LVA,TRY_WOMEN,2010,32.744148
LVA,UPPSRY_MEN,2010,64.661118
LVA,UPPSRY_WOMEN,2010,58.977253
LVA,BUPPSRY,2011,12.062219
LVA,TRY,2011,27.69327
LVA,UPPSRY,2011,60.244511
LVA,TRY_MEN,2011,20.322981
LVA,TRY_WOMEN,2011,34.279606
LVA,UPPSRY_MEN,2011,63.935966
LVA,UPPSRY_WOMEN,2011,56.945705
LVA,BUPPSRY,2012,10.897214
LVA,TRY,2012,29.227177
LVA,UPPSRY,2012,59.87561
LVA,TRY_MEN,2012,21.241619
LVA,TRY_WOMEN,2012,36.352661
LVA,UPPSRY_MEN,2012,64.407547
LVA,UPPSRY_WOMEN,2012,55.831779
LVA,BUPPSRY,2013,10.645624
LVA,TRY,2013,31.011995
LVA,UPPSRY,2013,58.342381
LVA,TRY_MEN,2013,23.036503
LVA,TRY_WOMEN,2013,38.201538
LVA,UPPSRY_MEN,2013,62.873604
LVA,UPPSRY_WOMEN,2013,54.25769
LVA,BUPPSRY,2014,13.338798
LVA,TRY,2014,30.230137
LVA,UPPSRY,2014,56.431065
LVA,TRY_MEN,2014,21.911348
LVA,TRY_WOMEN,2014,37.793896
LVA,UPPSRY_MEN,2014,60.299713
LVA,UPPSRY_WOMEN,2014,52.913544
LVA,BUPPSRY,2015,12.217953
LVA,TRY,2015,31.591949
LVA,UPPSRY,2015,56.190098
LVA,TRY_MEN,2015,22.299984
LVA,TRY_WOMEN,2015,40.124584
LVA,UPPSRY_MEN,2015,61.461857
LVA,UPPSRY_WOMEN,2015,51.349144
LVA,BUPPSRY,2016,11.318077
LVA,TRY,2016,33.361481
LVA,UPPSRY,2016,55.320442
LVA,TRY_MEN,2016,24.061266
LVA,TRY_WOMEN,2016,41.924561
LVA,UPPSRY_MEN,2016,61.234657
LVA,UPPSRY_WOMEN,2016,49.874989
LVA,BUPPSRY,2017,12.391879
LVA,TRY,2017,33.882294
LVA,UPPSRY,2017,53.725826
LVA,TRY_MEN,2017,24.920851
LVA,TRY_WOMEN,2017,42.144421
LVA,UPPSRY_MEN,2017,58.580154
LVA,UPPSRY_WOMEN,2017,49.250313
MEX,BUPPSRY,2008,70.091904
MEX,TRY,2008,13.672557
MEX,UPPSRY,2008,16.235542
MEX,TRY_MEN,2008,15.662516
MEX,TRY_WOMEN,2008,11.943851
MEX,UPPSRY_MEN,2008,15.505013
MEX,UPPSRY_WOMEN,2008,16.870163
MEX,BUPPSRY,2009,68.709137
MEX,TRY,2009,14.308427
MEX,UPPSRY,2009,16.982433
MEX,TRY_MEN,2009,16.192701
MEX,TRY_WOMEN,2009,12.663967
MEX,UPPSRY_MEN,2009,16.287386
MEX,UPPSRY_WOMEN,2009,17.58902
MEX,BUPPSRY,2010,67.913872
MEX,TRY,2010,14.654601
MEX,UPPSRY,2010,17.431528
MEX,TRY_MEN,2010,16.31839
MEX,TRY_WOMEN,2010,13.19238
MEX,UPPSRY_MEN,2010,16.71188
MEX,UPPSRY_WOMEN,2010,18.06399
MEX,BUPPSRY,2011,66.860298
MEX,TRY,2011,15.012249
MEX,UPPSRY,2011,18.127449
MEX,TRY_MEN,2011,16.553083
MEX,TRY_WOMEN,2011,13.649809
MEX,UPPSRY_MEN,2011,17.552267
MEX,UPPSRY_WOMEN,2011,18.63604
MEX,BUPPSRY,2012,66.014343
MEX,TRY,2012,15.709545
MEX,UPPSRY,2012,18.276108
MEX,TRY_MEN,2012,17.155567
MEX,TRY_WOMEN,2012,14.435471
MEX,UPPSRY_MEN,2012,17.633924
MEX,UPPSRY_WOMEN,2012,18.84193
MEX,BUPPSRY,2013,65.209229
MEX,TRY,2013,16.20183
MEX,UPPSRY,2013,18.58894
MEX,TRY_MEN,2013,17.27128
MEX,TRY_WOMEN,2013,15.256807
MEX,UPPSRY_MEN,2013,18.241148
MEX,UPPSRY_WOMEN,2013,18.896265
MEX,BUPPSRY,2014,64.907104
MEX,TRY,2014,15.996383
MEX,UPPSRY,2014,19.09651
MEX,TRY_MEN,2014,17.076834
MEX,TRY_WOMEN,2014,15.048493
MEX,UPPSRY_MEN,2014,18.74284
MEX,UPPSRY_WOMEN,2014,19.406786
MEX,BUPPSRY,2015,64.336807
MEX,TRY,2015,16.278801
MEX,UPPSRY,2015,19.38439
MEX,TRY_MEN,2015,17.442137
MEX,TRY_WOMEN,2015,15.255282
MEX,UPPSRY_MEN,2015,19.085745
MEX,UPPSRY_WOMEN,2015,19.647142
MEX,BUPPSRY,2016,63.365211
MEX,TRY,2016,16.818605
MEX,UPPSRY,2016,19.816181
MEX,TRY_MEN,2016,17.931393
MEX,TRY_WOMEN,2016,15.838044
MEX,UPPSRY_MEN,2016,19.535267
MEX,UPPSRY_WOMEN,2016,20.063717
MEX,BUPPSRY,2017,62.338387
MEX,TRY,2017,17.418995
MEX,UPPSRY,2017,20.242617
MEX,TRY_MEN,2017,18.578926
MEX,TRY_WOMEN,2017,16.402203
MEX,UPPSRY_MEN,2017,19.897543
MEX,UPPSRY_WOMEN,2017,20.545109
NLD,BUPPSRY,2008,26.708052
NLD,TRY,2008,32.167362
NLD,UPPSRY,2008,41.124588
NLD,TRY_MEN,2008,34.200722
NLD,TRY_WOMEN,2008,30.125334
NLD,UPPSRY_MEN,2008,41.318565
NLD,UPPSRY_WOMEN,2008,40.929783
NLD,BUPPSRY,2009,26.604006
NLD,TRY,2009,32.785397
NLD,UPPSRY,2009,40.6106
NLD,TRY_MEN,2009,34.539516
NLD,TRY_WOMEN,2009,31.024853
NLD,UPPSRY_MEN,2009,40.733852
NLD,UPPSRY_WOMEN,2009,40.486897
NLD,BUPPSRY,2010,27.026423
NLD,TRY,2010,32.389164
NLD,UPPSRY,2010,40.584415
NLD,TRY_MEN,2010,34.22699
NLD,TRY_WOMEN,2010,30.543089
NLD,UPPSRY_MEN,2010,40.437889
NLD,UPPSRY_WOMEN,2010,40.731598
NLD,BUPPSRY,2011,27.715986
NLD,TRY,2011,32.041344
NLD,UPPSRY,2011,40.242668
NLD,TRY_MEN,2011,33.408222
NLD,TRY_WOMEN,2011,30.674158
NLD,UPPSRY_MEN,2011,40.238148
NLD,UPPSRY_WOMEN,2011,40.247192
NLD,BUPPSRY,2012,26.576496
NLD,TRY,2012,34.398335
NLD,UPPSRY,2012,39.025169
NLD,TRY_MEN,2012,35.523708
NLD,TRY_WOMEN,2012,33.271935
NLD,UPPSRY_MEN,2012,39.164558
NLD,UPPSRY_WOMEN,2012,38.885651
NLD,BUPPSRY,2013,24.204819
NLD,TRY,2013,33.869305
NLD,UPPSRY,2013,41.925877
NLD,TRY_MEN,2013,34.755119
NLD,TRY_WOMEN,2013,32.981159
NLD,UPPSRY_MEN,2013,42.34885
NLD,UPPSRY_WOMEN,2013,41.501793
NLD,BUPPSRY,2014,24.098568
NLD,TRY,2014,34.419815
NLD,UPPSRY,2014,41.481617
NLD,TRY_MEN,2014,34.844147
NLD,TRY_WOMEN,2014,33.994911
NLD,UPPSRY_MEN,2014,42.29509
NLD,UPPSRY_WOMEN,2014,40.667057
NLD,BUPPSRY,2015,23.600424
NLD,TRY,2015,35.330765
NLD,UPPSRY,2015,41.06881
NLD,TRY_MEN,2015,35.696461
NLD,TRY_WOMEN,2015,34.965019
NLD,UPPSRY_MEN,2015,41.628002
NLD,UPPSRY_WOMEN,2015,40.509541
NLD,BUPPSRY,2016,22.9333
NLD,TRY,2016,35.999168
NLD,UPPSRY,2016,41.067532
NLD,TRY_MEN,2016,36.032528
NLD,TRY_WOMEN,2016,35.965878
NLD,UPPSRY_MEN,2016,41.72171
NLD,UPPSRY_WOMEN,2016,40.414757
NLD,BUPPSRY,2017,21.618059
NLD,TRY,2017,37.16811
NLD,UPPSRY,2017,41.213829
NLD,TRY_MEN,2017,36.764774
NLD,TRY_WOMEN,2017,37.570652
NLD,UPPSRY_MEN,2017,41.993813
NLD,UPPSRY_WOMEN,2017,40.435383
NOR,BUPPSRY,2008,19.278467
NOR,TRY,2008,36.004189
NOR,UPPSRY,2008,44.717346
NOR,TRY_MEN,2008,32.155869
NOR,TRY_WOMEN,2008,39.98362
NOR,UPPSRY_MEN,2008,48.598129
NOR,UPPSRY_WOMEN,2008,40.704342
NOR,BUPPSRY,2009,19.276142
NOR,TRY,2009,36.698498
NOR,UPPSRY,2009,44.02536
NOR,TRY_MEN,2009,32.496845
NOR,TRY_WOMEN,2009,41.044899
NOR,UPPSRY_MEN,2009,48.532196
NOR,UPPSRY_WOMEN,2009,39.363266
NOR,BUPPSRY,2010,19.372442
NOR,TRY,2010,37.284328
NOR,UPPSRY,2010,43.343231
NOR,TRY_MEN,2010,33.543308
NOR,TRY_WOMEN,2010,41.171658
NOR,UPPSRY_MEN,2010,47.669292
NOR,UPPSRY_WOMEN,2010,38.84798
NOR,BUPPSRY,2011,18.103582
NOR,TRY,2011,38.053513
NOR,UPPSRY,2011,43.842903
NOR,TRY_MEN,2011,33.906898
NOR,TRY_WOMEN,2011,42.356129
NOR,UPPSRY_MEN,2011,47.933632
NOR,UPPSRY_WOMEN,2011,39.598278
NOR,BUPPSRY,2012,17.945995
NOR,TRY,2012,38.561893
NOR,UPPSRY,2012,43.492111
NOR,TRY_MEN,2012,34.009777
NOR,TRY_WOMEN,2012,43.339031
NOR,UPPSRY_MEN,2012,47.978077
NOR,UPPSRY_WOMEN,2012,38.784393
NOR,BUPPSRY,2013,17.591412
NOR,TRY,2013,39.770252
NOR,UPPSRY,2013,42.638336
NOR,TRY_MEN,2013,34.774326
NOR,TRY_WOMEN,2013,45.019245
NOR,UPPSRY_MEN,2013,47.21571
NOR,UPPSRY_WOMEN,2013,37.829098
NOR,BUPPSRY,2014,18.052679
NOR,TRY,2014,41.757915
NOR,UPPSRY,2014,40.189404
NOR,TRY_MEN,2014,37.583115
NOR,TRY_WOMEN,2014,46.135193
NOR,UPPSRY_MEN,2014,43.784332
NOR,UPPSRY_WOMEN,2014,36.420128
NOR,BUPPSRY,2015,17.628136
NOR,TRY,2015,42.706734
NOR,UPPSRY,2015,39.665131
NOR,TRY_MEN,2015,38.427513
NOR,TRY_WOMEN,2015,47.20348
NOR,UPPSRY_MEN,2015,43.621574
NOR,UPPSRY_WOMEN,2015,35.507572
NOR,BUPPSRY,2016,17.761009
NOR,TRY,2016,43.016758
NOR,UPPSRY,2016,39.222229
NOR,TRY_MEN,2016,38.396145
NOR,TRY_WOMEN,2016,47.866173
NOR,UPPSRY_MEN,2016,43.312553
NOR,UPPSRY_WOMEN,2016,34.929367
NOR,BUPPSRY,2017,18.030542
NOR,TRY,2017,43.207031
NOR,UPPSRY,2017,38.762424
NOR,TRY_MEN,2017,38.701958
NOR,TRY_WOMEN,2017,47.927422
NOR,UPPSRY_MEN,2017,42.390541
NOR,UPPSRY_WOMEN,2017,34.960907
NZL,BUPPSRY,2008,27.94714
NZL,BUPPSRY,2009,27.84214
NZL,BUPPSRY,2010,26.960302
NZL,BUPPSRY,2011,25.886049
NZL,BUPPSRY,2012,25.939383
NZL,BUPPSRY,2013,28.640007
NZL,BUPPSRY,2014,25.924784
NZL,TRY,2014,35.628941
NZL,UPPSRY,2014,38.446278
NZL,TRY_MEN,2014,32.661697
NZL,TRY_WOMEN,2014,38.359295
NZL,UPPSRY_MEN,2014,42.552212
NZL,UPPSRY_WOMEN,2014,34.668133
NZL,BUPPSRY,2015,25.277622
NZL,TRY,2015,34.040531
NZL,UPPSRY,2015,40.681847
NZL,TRY_MEN,2015,30.899937
NZL,TRY_WOMEN,2015,36.946754
NZL,UPPSRY_MEN,2015,44.906948
NZL,UPPSRY_WOMEN,2015,36.772045
NZL,BUPPSRY,2016,23.423424
NZL,TRY,2016,36.275139
NZL,UPPSRY,2016,40.301437
NZL,TRY_MEN,2016,33.445648
NZL,TRY_WOMEN,2016,38.903072
NZL,UPPSRY_MEN,2016,43.270084
NZL,UPPSRY_WOMEN,2016,37.544266
NZL,BUPPSRY,2017,21.118555
NZL,TRY,2017,37.730431
NZL,UPPSRY,2017,41.151012
NZL,TRY_MEN,2017,34.879517
NZL,TRY_WOMEN,2017,40.399647
NZL,UPPSRY_MEN,2017,43.433735
NZL,UPPSRY_WOMEN,2017,39.013779
OAVG,BUPPSRY,2008,26.731437
OAVG,TRY,2008,28.773557
OAVG,UPPSRY,2008,44.95817
OAVG,TRY_MEN,2008,27.511952
OAVG,TRY_WOMEN,2008,29.985134
OAVG,UPPSRY_MEN,2008,47.172459
OAVG,UPPSRY_WOMEN,2008,42.754282
OAVG,BUPPSRY,2009,26.211427
OAVG,TRY,2009,29.515163
OAVG,UPPSRY,2009,44.740457
OAVG,TRY_MEN,2009,27.997413
OAVG,TRY_WOMEN,2009,30.972838
OAVG,UPPSRY_MEN,2009,47.05083
OAVG,UPPSRY_WOMEN,2009,42.455991
OAVG,BUPPSRY,2010,25.078878
OAVG,TRY,2010,30.560193
OAVG,UPPSRY,2010,44.849754
OAVG,TRY_MEN,2010,28.83655
OAVG,TRY_WOMEN,2010,32.220729
OAVG,UPPSRY_MEN,2010,47.240578
OAVG,UPPSRY_WOMEN,2010,42.481238
OAVG,BUPPSRY,2011,24.902108
OAVG,TRY,2011,31.058533
OAVG,UPPSRY,2011,44.518461
OAVG,TRY_MEN,2011,29.172799
OAVG,TRY_WOMEN,2011,32.884278
OAVG,UPPSRY_MEN,2011,46.920008
OAVG,UPPSRY_WOMEN,2011,42.140421
OAVG,BUPPSRY,2012,23.566523
OAVG,TRY,2012,32.483346
OAVG,UPPSRY,2012,44.4504
OAVG,TRY_MEN,2012,30.263598
OAVG,TRY_WOMEN,2012,34.638283
OAVG,UPPSRY_MEN,2012,47.020918
OAVG,UPPSRY_WOMEN,2012,41.904068
OAVG,BUPPSRY,2013,23.278957
OAVG,TRY,2013,32.978443
OAVG,UPPSRY,2013,44.321853
OAVG,TRY_MEN,2013,30.574226
OAVG,TRY_WOMEN,2013,35.31988
OAVG,UPPSRY_MEN,2013,46.91324
OAVG,UPPSRY_WOMEN,2013,41.75549
OAVG,BUPPSRY,2014,22.466981
OAVG,TRY,2014,34.296521
OAVG,UPPSRY,2014,43.644985
OAVG,TRY_MEN,2014,31.793098
OAVG,TRY_WOMEN,2014,36.725193
OAVG,UPPSRY_MEN,2014,46.16332
OAVG,UPPSRY_WOMEN,2014,41.149261
OAVG,BUPPSRY,2015,22.398332
OAVG,TRY,2015,34.662088
OAVG,UPPSRY,2015,43.364709
OAVG,TRY_MEN,2015,31.869052
OAVG,TRY_WOMEN,2015,37.388617
OAVG,UPPSRY_MEN,2015,46.07299
OAVG,UPPSRY_WOMEN,2015,40.679107
OAVG,BUPPSRY,2016,21.208436
OAVG,TRY,2016,35.783563
OAVG,UPPSRY,2016,43.453861
OAVG,TRY_MEN,2016,32.830881
OAVG,TRY_WOMEN,2016,38.674661
OAVG,UPPSRY_MEN,2016,46.313562
OAVG,UPPSRY_WOMEN,2016,40.610954
OAVG,BUPPSRY,2017,20.690302
OAVG,TRY,2017,36.911428
OAVG,UPPSRY,2017,42.825596
OAVG,TRY_MEN,2017,33.751741
OAVG,TRY_WOMEN,2017,39.98527
OAVG,UPPSRY_MEN,2017,45.642464
OAVG,UPPSRY_WOMEN,2017,40.055902
POL,BUPPSRY,2008,12.851042
POL,TRY,2008,19.565832
POL,UPPSRY,2008,67.583122
POL,TRY_MEN,2008,16.592894
POL,TRY_WOMEN,2008,22.416042
POL,UPPSRY_MEN,2008,71.133812
POL,UPPSRY_WOMEN,2008,64.179024
POL,BUPPSRY,2009,12.027865
POL,TRY,2009,21.150869
POL,UPPSRY,2009,66.821266
POL,TRY_MEN,2009,17.732765
POL,TRY_WOMEN,2009,24.428253
POL,UPPSRY_MEN,2009,70.642944
POL,UPPSRY_WOMEN,2009,63.156918
POL,BUPPSRY,2010,11.485272
POL,TRY,2010,22.468407
POL,UPPSRY,2010,66.046318
POL,TRY_MEN,2010,18.926443
POL,TRY_WOMEN,2010,25.944473
POL,UPPSRY_MEN,2010,69.800537
POL,UPPSRY_WOMEN,2010,62.361946
POL,BUPPSRY,2011,11.087381
POL,TRY,2011,23.283596
POL,UPPSRY,2011,65.629021
POL,TRY_MEN,2011,19.445086
POL,TRY_WOMEN,2011,27.051256
POL,UPPSRY_MEN,2011,69.66066
POL,UPPSRY_WOMEN,2011,61.671799
POL,BUPPSRY,2012,10.402209
POL,TRY,2012,24.512804
POL,UPPSRY,2012,65.084984
POL,TRY_MEN,2012,20.423178
POL,TRY_WOMEN,2012,28.530373
POL,UPPSRY_MEN,2012,69.250618
POL,UPPSRY_WOMEN,2012,60.992756
POL,BUPPSRY,2013,9.8658543
POL,TRY,2013,25.755669
POL,UPPSRY,2013,64.378479
POL,TRY_MEN,2013,21.447603
POL,TRY_WOMEN,2013,29.991989
POL,UPPSRY_MEN,2013,68.71418
POL,UPPSRY_WOMEN,2013,60.114979
POL,BUPPSRY,2014,9.4829636
POL,TRY,2014,26.995474
POL,UPPSRY,2014,63.521564
POL,TRY_MEN,2014,22.512486
POL,TRY_WOMEN,2014,31.410196
POL,UPPSRY_MEN,2014,67.921631
POL,UPPSRY_WOMEN,2014,59.188499
POL,BUPPSRY,2015,9.2220259
POL,TRY,2015,27.747267
POL,UPPSRY,2015,63.030708
POL,TRY_MEN,2015,22.828283
POL,TRY_WOMEN,2015,32.596737
POL,UPPSRY_MEN,2015,67.753731
POL,UPPSRY_WOMEN,2015,58.374432
POL,BUPPSRY,2016,8.6792269
POL,TRY,2016,28.711193
POL,UPPSRY,2016,62.609581
POL,TRY_MEN,2016,23.41297
POL,TRY_WOMEN,2016,33.939568
POL,UPPSRY_MEN,2016,67.723061
POL,UPPSRY_WOMEN,2016,57.563511
POL,BUPPSRY,2017,7.8886991
POL,TRY,2017,29.919453
POL,UPPSRY,2017,62.191849
POL,TRY_MEN,2017,24.471952
POL,TRY_WOMEN,2017,35.299824
POL,UPPSRY_MEN,2017,67.511543
POL,UPPSRY_WOMEN,2017,56.937706
PRT,BUPPSRY,2008,71.75206
PRT,TRY,2008,14.300379
PRT,UPPSRY,2008,13.947564
PRT,TRY_MEN,2008,11.47842
PRT,TRY_WOMEN,2008,17.029045
PRT,UPPSRY_MEN,2008,14.144771
PRT,UPPSRY_WOMEN,2008,13.756877
PRT,BUPPSRY,2009,70.095329
PRT,TRY,2009,14.66682
PRT,UPPSRY,2009,15.237852
PRT,TRY_MEN,2009,11.949241
PRT,TRY_WOMEN,2009,17.297443
PRT,UPPSRY_MEN,2009,15.362417
PRT,UPPSRY_WOMEN,2009,15.117272
PRT,BUPPSRY,2010,68.082458
PRT,TRY,2010,15.445285
PRT,UPPSRY,2010,16.472258
PRT,TRY_MEN,2010,12.255494
PRT,TRY_WOMEN,2010,18.538366
PRT,UPPSRY_MEN,2010,16.390604
PRT,UPPSRY_WOMEN,2010,16.551435
PRT,BUPPSRY,2011,64.972481
PRT,TRY,2011,17.25703
PRT,UPPSRY,2011,17.770487
PRT,TRY_MEN,2011,14.522358
PRT,TRY_WOMEN,2011,19.913658
PRT,UPPSRY_MEN,2011,17.526688
PRT,UPPSRY_WOMEN,2011,18.00733
PRT,BUPPSRY,2012,62.369896
PRT,TRY,2012,18.534111
PRT,UPPSRY,2012,19.095991
PRT,TRY_MEN,2012,15.575831
PRT,TRY_WOMEN,2012,21.41597
PRT,UPPSRY_MEN,2012,18.548254
PRT,UPPSRY_WOMEN,2012,19.62958
PRT,BUPPSRY,2013,59.952484
PRT,TRY,2013,19.307142
PRT,UPPSRY,2013,20.740372
PRT,TRY_MEN,2013,15.417459
PRT,TRY_WOMEN,2013,23.073732
PRT,UPPSRY_MEN,2013,20.508369
PRT,UPPSRY_WOMEN,2013,20.965033
PRT,BUPPSRY,2014,56.719505
PRT,TRY,2014,21.7169
PRT,UPPSRY,2014,21.563595
PRT,TRY_MEN,2014,17.184139
PRT,TRY_WOMEN,2014,25.902826
PRT,UPPSRY_MEN,2014,21.578482
PRT,UPPSRY_WOMEN,2014,21.549849
PRT,BUPPSRY,2015,54.877064
PRT,TRY,2015,22.857506
PRT,UPPSRY,2015,22.26543
PRT,TRY_MEN,2015,18.444221
PRT,TRY_WOMEN,2015,26.917894
PRT,UPPSRY_MEN,2015,22.933455
PRT,UPPSRY_WOMEN,2015,21.650822
PRT,BUPPSRY,2016,53.091141
PRT,TRY,2016,23.847389
PRT,UPPSRY,2016,23.06147
PRT,TRY_MEN,2016,19.392345
PRT,TRY_WOMEN,2016,27.933044
PRT,UPPSRY_MEN,2016,23.632545
PRT,UPPSRY_WOMEN,2016,22.537746
PRT,BUPPSRY,2017,52.04673
PRT,TRY,2017,24.039421
PRT,UPPSRY,2017,23.913849
PRT,TRY_MEN,2017,19.199572
PRT,TRY_WOMEN,2017,28.471441
PRT,UPPSRY_MEN,2017,24.123669
PRT,UPPSRY_WOMEN,2017,23.72171
RUS,BUPPSRY,2010,7.195199
RUS,TRY,2010,50.371468
RUS,UPPSRY,2010,42.433334
RUS,TRY_MEN,2010,41.821381
RUS,TRY_WOMEN,2010,57.851639
RUS,UPPSRY_MEN,2010,49.984688
RUS,UPPSRY_WOMEN,2010,35.826916
RUS,BUPPSRY,2011,7.2196174
RUS,TRY,2011,50.557613
RUS,UPPSRY,2011,42.222771
RUS,TRY_MEN,2011,42.036205
RUS,TRY_WOMEN,2011,58.022251
RUS,UPPSRY_MEN,2011,49.677841
RUS,UPPSRY_WOMEN,2011,35.69223
RUS,BUPPSRY,2012,6.9798198
RUS,TRY,2012,50.516804
RUS,UPPSRY,2012,42.503376
RUS,TRY_MEN,2012,41.780033
RUS,TRY_WOMEN,2012,58.174297
RUS,UPPSRY_MEN,2012,50.120735
RUS,UPPSRY_WOMEN,2012,35.827011
RUS,BUPPSRY,2013,6.7129874
RUS,TRY,2013,51.261497
RUS,UPPSRY,2013,42.025513
RUS,TRY_MEN,2013,42.945259
RUS,TRY_WOMEN,2013,58.519215
RUS,UPPSRY_MEN,2013,49.225124
RUS,UPPSRY_WOMEN,2013,35.742302
RUS,BUPPSRY,2014,6.6331944
RUS,TRY,2014,51.567863
RUS,UPPSRY,2014,41.798943
RUS,TRY_MEN,2014,43.34174
RUS,TRY_WOMEN,2014,58.748158
RUS,UPPSRY_MEN,2014,48.90836
RUS,UPPSRY_WOMEN,2014,35.59338
RUS,BUPPSRY,2015,6.3395805
RUS,TRY,2015,52.42807
RUS,UPPSRY,2015,41.232349
RUS,TRY_MEN,2015,44.051537
RUS,TRY_WOMEN,2015,59.72374
RUS,UPPSRY_MEN,2015,48.52499
RUS,UPPSRY_WOMEN,2015,34.880711
RUS,BUPPSRY,2016,6.0239758
RUS,TRY,2016,53.056892
RUS,UPPSRY,2016,40.919132
RUS,TRY_MEN,2016,44.856056
RUS,TRY_WOMEN,2016,60.210949
RUS,UPPSRY_MEN,2016,47.986301
RUS,UPPSRY_WOMEN,2016,34.754036
SAU,TRY_MEN,2014,23.548378
SAU,TRY_WOMEN,2014,22.558393
SAU,UPPSRY_MEN,2014,33.716358
SAU,UPPSRY_WOMEN,2014,28.821798
SAU,BUPPSRY,2014,45.034447
SAU,TRY,2014,23.161575
SAU,UPPSRY,2014,31.80398
SVK,BUPPSRY,2008,10.066078
SVK,TRY,2008,14.763523
SVK,UPPSRY,2008,75.170403
SVK,TRY_MEN,2008,14.460915
SVK,TRY_WOMEN,2008,15.060336
SVK,UPPSRY_MEN,2008,78.229965
SVK,UPPSRY_WOMEN,2008,72.169426
SVK,BUPPSRY,2009,9.0549088
SVK,TRY,2009,15.762831
SVK,UPPSRY,2009,75.182259
SVK,TRY_MEN,2009,14.884904
SVK,TRY_WOMEN,2009,16.626591
SVK,UPPSRY_MEN,2009,78.351387
SVK,UPPSRY_WOMEN,2009,72.06427
SVK,BUPPSRY,2010,9.034791
SVK,TRY,2010,17.327984
SVK,UPPSRY,2010,73.63723
SVK,TRY_MEN,2010,15.694606
SVK,TRY_WOMEN,2010,18.939117
SVK,UPPSRY_MEN,2010,77.152206
SVK,UPPSRY_WOMEN,2010,70.170113
SVK,BUPPSRY,2011,8.7385187
SVK,TRY,2011,18.617317
SVK,UPPSRY,2011,72.644165
SVK,TRY_MEN,2011,16.824114
SVK,TRY_WOMEN,2011,20.399017
SVK,UPPSRY_MEN,2011,76.433449
SVK,UPPSRY_WOMEN,2011,68.879189
SVK,BUPPSRY,2012,8.2851295
SVK,TRY,2012,18.979084
SVK,UPPSRY,2012,72.735786
SVK,TRY_MEN,2012,16.695482
SVK,TRY_WOMEN,2012,21.252121
SVK,UPPSRY_MEN,2012,76.771286
SVK,UPPSRY_WOMEN,2012,68.718964
SVK,BUPPSRY,2013,8.2006197
SVK,TRY,2013,19.87734
SVK,UPPSRY,2013,71.922043
SVK,TRY_MEN,2013,17.869171
SVK,TRY_WOMEN,2013,21.877571
SVK,UPPSRY_MEN,2013,75.724045
SVK,UPPSRY_WOMEN,2013,68.135063
SVK,BUPPSRY,2014,9.1611462
SVK,TRY,2014,20.379578
SVK,UPPSRY,2014,70.459274
SVK,TRY_MEN,2014,18.226486
SVK,TRY_WOMEN,2014,22.530985
SVK,UPPSRY_MEN,2014,73.974831
SVK,UPPSRY_WOMEN,2014,66.946465
SVK,BUPPSRY,2015,8.7147398
SVK,TRY,2015,21.149881
SVK,UPPSRY,2015,70.135376
SVK,TRY_MEN,2015,18.404339
SVK,TRY_WOMEN,2015,23.898914
SVK,UPPSRY_MEN,2015,74.237206
SVK,UPPSRY_WOMEN,2015,66.028343
SVK,BUPPSRY,2016,8.2509651
SVK,TRY,2016,21.979519
SVK,UPPSRY,2016,69.769516
SVK,TRY_MEN,2016,18.87179
SVK,TRY_WOMEN,2016,25.099613
SVK,UPPSRY_MEN,2016,74.100517
SVK,UPPSRY_WOMEN,2016,65.42128
SVK,BUPPSRY,2017,8.6990681
SVK,TRY,2017,23.095415
SVK,UPPSRY,2017,68.205521
SVK,TRY_MEN,2017,19.760481
SVK,TRY_WOMEN,2017,26.452528
SVK,UPPSRY_MEN,2017,72.749466
SVK,UPPSRY_WOMEN,2017,63.631351
SVN,BUPPSRY,2008,17.956785
SVN,TRY,2008,22.637665
SVN,UPPSRY,2008,59.405548
SVN,TRY_MEN,2008,18.982487
SVN,TRY_WOMEN,2008,26.446932
SVN,UPPSRY_MEN,2008,65.043884
SVN,UPPSRY_WOMEN,2008,53.529526
SVN,BUPPSRY,2009,16.713486
SVN,TRY,2009,23.315817
SVN,UPPSRY,2009,59.970695
SVN,TRY_MEN,2009,18.952723
SVN,TRY_WOMEN,2009,27.864328
SVN,UPPSRY_MEN,2009,66.288422
SVN,UPPSRY_WOMEN,2009,53.384491
SVN,BUPPSRY,2010,16.689947
SVN,TRY,2010,23.716619
SVN,UPPSRY,2010,59.593433
SVN,TRY_MEN,2010,19.464472
SVN,TRY_WOMEN,2010,28.145533
SVN,UPPSRY_MEN,2010,65.687553
SVN,UPPSRY_WOMEN,2010,53.245975
SVN,BUPPSRY,2011,15.523709
SVN,TRY,2011,25.09059
SVN,UPPSRY,2011,59.3857
SVN,TRY_MEN,2011,20.281788
SVN,TRY_WOMEN,2011,30.120878
SVN,UPPSRY_MEN,2011,66.059586
SVN,UPPSRY_WOMEN,2011,52.404423
SVN,BUPPSRY,2012,15.027221
SVN,TRY,2012,26.439035
SVN,UPPSRY,2012,58.533745
SVN,TRY_MEN,2012,21.10297
SVN,TRY_WOMEN,2012,31.995443
SVN,UPPSRY_MEN,2012,65.052078
SVN,UPPSRY_WOMEN,2012,51.74625
SVN,BUPPSRY,2013,14.546692
SVN,TRY,2013,27.880541
SVN,UPPSRY,2013,57.572769
SVN,TRY_MEN,2013,22.710682
SVN,TRY_WOMEN,2013,33.303898
SVN,UPPSRY_MEN,2013,63.500992
SVN,UPPSRY_WOMEN,2013,51.353859
SVN,BUPPSRY,2014,14.274657
SVN,TRY,2014,28.600916
SVN,UPPSRY,2014,57.124428
SVN,TRY_MEN,2014,23.440107
SVN,TRY_WOMEN,2014,34.072308
SVN,UPPSRY_MEN,2014,63.685753
SVN,UPPSRY_WOMEN,2014,50.168236
SVN,BUPPSRY,2015,13.213673
SVN,TRY,2015,30.173296
SVN,UPPSRY,2015,56.613033
SVN,TRY_MEN,2015,24.047276
SVN,TRY_WOMEN,2015,36.687336
SVN,UPPSRY_MEN,2015,63.916119
SVN,UPPSRY_WOMEN,2015,48.84737
SVN,BUPPSRY,2016,12.65544
SVN,TRY,2016,30.735788
SVN,UPPSRY,2016,56.608772
SVN,TRY_MEN,2016,24.278795
SVN,TRY_WOMEN,2016,37.551964
SVN,UPPSRY_MEN,2016,64.348885
SVN,UPPSRY_WOMEN,2016,48.438099
SVN,BUPPSRY,2017,12.3177
SVN,TRY,2017,34.302807
SVN,UPPSRY,2017,53.379494
SVN,TRY_MEN,2017,28.41753
SVN,TRY_WOMEN,2017,39.377754
SVN,UPPSRY_MEN,2017,60.170712
SVN,UPPSRY_WOMEN,2017,47.523338
SWE,BUPPSRY,2008,14.958108
SWE,TRY,2008,32.02702
SWE,UPPSRY,2008,53.01487
SWE,TRY_MEN,2008,27.286299
SWE,TRY_WOMEN,2008,36.906319
SWE,UPPSRY_MEN,2008,56.08675
SWE,UPPSRY_WOMEN,2008,49.853195
SWE,BUPPSRY,2009,14.261111
SWE,TRY,2009,33.060085
SWE,UPPSRY,2009,52.678806
SWE,TRY_MEN,2009,28.141668
SWE,TRY_WOMEN,2009,38.117825
SWE,UPPSRY_MEN,2009,56.009247
SWE,UPPSRY_WOMEN,2009,49.254021
SWE,BUPPSRY,2010,13.727367
SWE,TRY,2010,33.868935
SWE,UPPSRY,2010,52.403698
SWE,TRY_MEN,2010,28.961029
SWE,TRY_WOMEN,2010,38.915661
SWE,UPPSRY_MEN,2010,55.820549
SWE,UPPSRY_WOMEN,2010,48.890202
SWE,BUPPSRY,2011,12.964911
SWE,TRY,2011,35.174355
SWE,UPPSRY,2011,51.860733
SWE,TRY_MEN,2011,29.544264
SWE,TRY_WOMEN,2011,40.965481
SWE,UPPSRY_MEN,2011,55.979431
SWE,UPPSRY_WOMEN,2011,47.624233
SWE,BUPPSRY,2012,12.497745
SWE,TRY,2012,35.698952
SWE,UPPSRY,2012,51.803307
SWE,TRY_MEN,2012,30.078955
SWE,TRY_WOMEN,2012,41.47477
SWE,UPPSRY_MEN,2012,55.91975
SWE,UPPSRY_WOMEN,2012,47.572727
SWE,BUPPSRY,2013,11.829718
SWE,TRY,2013,37.034386
SWE,UPPSRY,2013,51.135899
SWE,TRY_MEN,2013,31.174072
SWE,TRY_WOMEN,2013,43.063572
SWE,UPPSRY_MEN,2013,55.624168
SWE,UPPSRY_WOMEN,2013,46.518291
SWE,BUPPSRY,2014,18.445162
SWE,TRY,2014,38.700306
SWE,UPPSRY,2014,42.85453
SWE,TRY_MEN,2014,32.535137
SWE,TRY_WOMEN,2014,45.048241
SWE,UPPSRY_MEN,2014,48.252113
SWE,UPPSRY_WOMEN,2014,37.29694
SWE,BUPPSRY,2015,18.024088
SWE,TRY,2015,39.786552
SWE,UPPSRY,2015,42.189362
SWE,TRY_MEN,2015,33.02187
SWE,TRY_WOMEN,2015,46.754311
SWE,UPPSRY_MEN,2015,47.87674
SWE,UPPSRY_WOMEN,2015,36.331245
SWE,BUPPSRY,2016,17.272491
SWE,TRY,2016,41.139179
SWE,UPPSRY,2016,41.588329
SWE,TRY_MEN,2016,34.458351
SWE,TRY_WOMEN,2016,48.042187
SWE,UPPSRY_MEN,2016,47.493156
SWE,UPPSRY_WOMEN,2016,35.487129
SWE,BUPPSRY,2017,17.003588
SWE,TRY,2017,41.936691
SWE,UPPSRY,2017,41.059723
SWE,TRY_MEN,2017,35.476173
SWE,TRY_WOMEN,2017,48.62455
SWE,UPPSRY_MEN,2017,46.794205
SWE,UPPSRY_WOMEN,2017,35.123444
TUR,BUPPSRY,2008,69.691528
TUR,TRY,2008,12.040659
TUR,UPPSRY,2008,18.267813
TUR,TRY_MEN,2008,13.642329
TUR,TRY_WOMEN,2008,10.178893
TUR,UPPSRY_MEN,2008,20.931759
TUR,UPPSRY_WOMEN,2008,15.171267
TUR,BUPPSRY,2009,68.94503
TUR,TRY,2009,12.710275
TUR,UPPSRY,2009,18.344694
TUR,TRY_MEN,2009,14.15733
TUR,TRY_WOMEN,2009,11.04001
TUR,UPPSRY_MEN,2009,21.025909
TUR,UPPSRY_WOMEN,2009,15.249899
TUR,BUPPSRY,2010,68.793961
TUR,TRY,2010,13.118464
TUR,UPPSRY,2010,18.087578
TUR,TRY_MEN,2010,14.764297
TUR,TRY_WOMEN,2010,11.218709
TUR,UPPSRY_MEN,2010,20.842369
TUR,UPPSRY_WOMEN,2010,14.907773
TUR,BUPPSRY,2011,67.851822
TUR,TRY,2011,14.034094
TUR,UPPSRY,2011,18.114084
TUR,TRY_MEN,2011,15.678202
TUR,TRY_WOMEN,2011,12.137356
TUR,UPPSRY_MEN,2011,20.768888
TUR,UPPSRY_WOMEN,2011,15.051348
TUR,BUPPSRY,2012,66.135818
TUR,TRY,2012,15.290227
TUR,UPPSRY,2012,18.573956
TUR,TRY_MEN,2012,16.887274
TUR,TRY_WOMEN,2012,13.454704
TUR,UPPSRY_MEN,2012,21.297602
TUR,UPPSRY_WOMEN,2012,15.443606
TUR,BUPPSRY,2013,65.167839
TUR,TRY,2013,15.907355
TUR,UPPSRY,2013,18.924805
TUR,TRY_MEN,2013,17.498672
TUR,TRY_WOMEN,2013,14.094731
TUR,UPPSRY_MEN,2013,21.577271
TUR,UPPSRY_WOMEN,2013,15.903454
TUR,BUPPSRY,2014,64.367012
TUR,TRY,2014,16.693634
TUR,UPPSRY,2014,18.939352
TUR,TRY_MEN,2014,18.234095
TUR,TRY_WOMEN,2014,14.930908
TUR,UPPSRY_MEN,2014,21.585028
TUR,UPPSRY_WOMEN,2014,15.911946
TUR,BUPPSRY,2015,63.007553
TUR,TRY,2015,18.020138
TUR,UPPSRY,2015,18.972311
TUR,TRY_MEN,2015,19.456432
TUR,TRY_WOMEN,2015,16.383751
TUR,UPPSRY_MEN,2015,21.634813
TUR,UPPSRY_WOMEN,2015,15.93889
TUR,BUPPSRY,2016,61.486542
TUR,TRY,2016,19.362528
TUR,UPPSRY,2016,19.15093
TUR,TRY_MEN,2016,20.724001
TUR,TRY_WOMEN,2016,17.828663
TUR,UPPSRY_MEN,2016,21.83629
TUR,UPPSRY_WOMEN,2016,16.125542
TUR,BUPPSRY,2017,60.708405
TUR,TRY,2017,20.013071
TUR,UPPSRY,2017,19.278526
TUR,TRY_MEN,2017,21.169254
TUR,TRY_WOMEN,2017,18.717081
TUR,UPPSRY_MEN,2017,21.891384
TUR,UPPSRY_WOMEN,2017,16.349726
USA,BUPPSRY,2008,11.304346
USA,TRY,2008,41.10516
USA,UPPSRY,2008,47.590492
USA,TRY_MEN,2008,39.341179
USA,TRY_WOMEN,2008,42.823307
USA,UPPSRY_MEN,2008,48.19083
USA,UPPSRY_WOMEN,2008,47.005756
USA,BUPPSRY,2009,11.355431
USA,TRY,2009,41.214626
USA,UPPSRY,2009,47.429943
USA,TRY_MEN,2009,38.974968
USA,TRY_WOMEN,2009,43.397057
USA,UPPSRY_MEN,2009,48.636074
USA,UPPSRY_WOMEN,2009,46.254631
USA,BUPPSRY,2010,11.030482
USA,TRY,2010,41.662415
USA,UPPSRY,2010,47.307102
USA,TRY_MEN,2010,39.286079
USA,TRY_WOMEN,2010,43.973343
USA,UPPSRY_MEN,2010,48.676765
USA,UPPSRY_WOMEN,2010,45.97514
USA,BUPPSRY,2011,10.741901
USA,TRY,2011,42.44838
USA,UPPSRY,2011,46.809719
USA,TRY_MEN,2011,40.254238
USA,TRY_WOMEN,2011,44.586857
USA,UPPSRY_MEN,2011,48.095036
USA,UPPSRY_WOMEN,2011,45.557011
USA,BUPPSRY,2012,10.692155
USA,TRY,2012,43.052437
USA,UPPSRY,2012,46.255409
USA,TRY_MEN,2012,40.880066
USA,TRY_WOMEN,2012,45.133545
USA,UPPSRY_MEN,2012,47.580898
USA,UPPSRY_WOMEN,2012,44.985603
USA,BUPPSRY,2013,10.371985
USA,TRY,2013,43.910252
USA,UPPSRY,2013,45.717762
USA,TRY_MEN,2013,41.350658
USA,TRY_WOMEN,2013,46.359722
USA,UPPSRY_MEN,2013,47.271587
USA,UPPSRY_WOMEN,2013,44.230789
USA,BUPPSRY,2014,10.429553
USA,TRY,2014,44.224617
USA,UPPSRY,2014,45.345833
USA,TRY_MEN,2014,41.449047
USA,TRY_WOMEN,2014,46.897011
USA,UPPSRY_MEN,2014,47.087082
USA,UPPSRY_WOMEN,2014,43.669308
USA,BUPPSRY,2015,10.457861
USA,TRY,2015,44.629398
USA,UPPSRY,2015,44.912739
USA,TRY_MEN,2015,41.735706
USA,TRY_WOMEN,2015,47.412323
USA,UPPSRY_MEN,2015,46.939987
USA,UPPSRY_WOMEN,2015,42.963097
USA,BUPPSRY,2016,9.8527498
USA,TRY,2016,45.666355
USA,UPPSRY,2016,44.480896
USA,TRY_MEN,2016,42.716476
USA,TRY_WOMEN,2016,48.507526
USA,UPPSRY_MEN,2016,46.620445
USA,UPPSRY_WOMEN,2016,42.420189
USA,BUPPSRY,2017,9.3544931
USA,TRY,2017,46.3568
USA,UPPSRY,2017,44.288704
USA,TRY_MEN,2017,43.039238
USA,TRY_WOMEN,2017,49.545597
USA,UPPSRY_MEN,2017,46.787632
USA,UPPSRY_WOMEN,2017,41.886772
ZAF,BUPPSRY,2008,38.194649
ZAF,TRY,2008,5.1217265
ZAF,UPPSRY,2008,56.683624
ZAF,TRY_MEN,2008,5.5772943
ZAF,TRY_WOMEN,2008,4.6959581
ZAF,UPPSRY_MEN,2008,56.905052
ZAF,UPPSRY_WOMEN,2008,56.476677
ZAF,BUPPSRY,2009,36.146446
ZAF,TRY,2009,5.0579209
ZAF,UPPSRY,2009,58.795631
ZAF,TRY_MEN,2009,5.5087652
ZAF,TRY_WOMEN,2009,4.6340699
ZAF,UPPSRY_MEN,2009,58.92746
ZAF,UPPSRY_WOMEN,2009,58.671696
ZAF,BUPPSRY,2010,35.004402
ZAF,TRY,2010,5.2690744
ZAF,UPPSRY,2010,59.726521
ZAF,TRY_MEN,2010,5.8419385
ZAF,TRY_WOMEN,2010,4.7288394
ZAF,UPPSRY_MEN,2010,60.191597
ZAF,UPPSRY_WOMEN,2010,59.287937
ZAF,BUPPSRY,2011,33.650253
ZAF,TRY,2011,5.6500921
ZAF,UPPSRY,2011,60.699654
ZAF,TRY_MEN,2011,6.0874152
ZAF,TRY_WOMEN,2011,5.2348843
ZAF,UPPSRY_MEN,2011,60.938675
ZAF,UPPSRY_WOMEN,2011,60.472721
ZAF,BUPPSRY,2012,32.204399
ZAF,TRY,2012,5.5786242
ZAF,UPPSRY,2012,62.216976
ZAF,TRY_MEN,2012,5.8467746
ZAF,TRY_WOMEN,2012,5.3235674
ZAF,UPPSRY_MEN,2012,62.561115
ZAF,UPPSRY_WOMEN,2012,61.889641
ZAF,BUPPSRY,2013,30.601843
ZAF,TRY,2013,6.4559345
ZAF,UPPSRY,2013,62.942223
ZAF,TRY_MEN,2013,6.6550817
ZAF,TRY_WOMEN,2013,6.2654891
ZAF,UPPSRY_MEN,2013,62.924404
ZAF,UPPSRY_WOMEN,2013,62.959263
ZAF,BUPPSRY,2014,29.172258
ZAF,TRY,2014,6.4785309
ZAF,UPPSRY,2014,64.349213
ZAF,TRY_MEN,2014,6.6660967
ZAF,TRY_WOMEN,2014,6.299407
ZAF,UPPSRY_MEN,2014,64.31929
ZAF,UPPSRY_WOMEN,2014,64.393936
ZAF,BUPPSRY,2015,29.262598
ZAF,TRY,2015,6.9889388
ZAF,UPPSRY,2015,63.748463
ZAF,TRY_MEN,2015,6.9066067
ZAF,TRY_WOMEN,2015,7.0755095
ZAF,UPPSRY_MEN,2015,63.684078
ZAF,UPPSRY_WOMEN,2015,63.800468
ZAF,BUPPSRY,2016,28.341501
ZAF,TRY,2016,6.9798017
ZAF,UPPSRY,2016,64.678696
ZAF,TRY_MEN,2016,6.8001299
ZAF,TRY_WOMEN,2016,7.1462154
ZAF,UPPSRY_MEN,2016,64.605286
ZAF,UPPSRY_WOMEN,2016,64.762573
ZAF,BUPPSRY,2017,26.727198
ZAF,TRY,2017,7.4416285
ZAF,UPPSRY,2017,65.831169
ZAF,TRY_MEN,2017,7.2251968
ZAF,TRY_WOMEN,2017,7.6512842
ZAF,UPPSRY_MEN,2017,65.614975
ZAF,UPPSRY_WOMEN,2017,66.040596